Strategy,Fraction_Exceeding_Threshold,Fraction_Uncertain,Threshold_Crossings,Evidence_Min,Evidence_Max,Evidence_Mean,Evidence_Std
InfiniteAccumulator,0.998,0.0020000000000000018,1,1.093361822300096,1208.4926112335713,570.8383686651334,344.82854244440307
HardCapAccumulator(cap=20.0),0.995,0.0050000000000000044,3,-0.007215292138407214,20.0,17.64888881095499,4.03897893118306
ExponentialDecay(λ=0.9),0.9,0.07299999999999995,57,-7.462385808154632,43.21534377725453,12.00775067215919,8.314369327646027
AsymmetricDecay(λ=0.5),0.665,0.261,179,-16.047928470704978,55.29125739098348,6.723917547397696,8.944405308799624
SlidingWindow(N=32),0.972,0.019000000000000017,13,-10.28242886409323,97.56572832395263,38.41953091122413,20.46789877875331
BayesianAccumulator(p_switch=0.01),0.747,0.15500000000000003,115,-12.332153090541798,16.1080253157882,3.593184670350734,4.515645544726821
"CUSUMHybrid(d=0.5, h=3.0)",0.998,0.0020000000000000018,1,1.093361822300096,1208.4926112335713,570.8383686651334,344.82854244440307
ShiryaevRobertsHybrid(h=20.0),0.728,0.10599999999999998,105,-16.97678134464998,134.1121675389712,19.933531534596238,25.64872282491827
PageHinkleyHybrid(h=5.0),0.553,0.2909999999999999,159,-13.460388559939048,29.050110309818738,5.231318869135337,7.976508637491416
