subject,acc_5s,acc_10s,acc_20s,majority_acc,cumulative_acc,mean_margin,lock_in_sec,false_switches_per_min,lock_retention_pct,cpu_load_pct,idle_headroom_pct,gpu_latency_ms,rtf,rev_5s,rev_20s,lag_5s,lag_20s,noise_5s,noise_20s
S1,66.30,74.60,83.30,87.70,89.50,28.98,2.0,0.22,84.3,0.10,99.90,6.12,0.0118,50.0,49.2,50.0,44.2,50.0,42.5
S2,67.40,78.10,85.10,93.00,96.50,35.00,2.0,0.22,84.3,0.10,99.90,5.82,0.0112,50.0,50.0,50.0,50.8,50.0,45.0
S3,60.20,65.30,67.50,75.40,77.20,19.00,2.0,0.22,84.3,0.10,99.90,5.77,0.0111,50.0,50.0,50.0,46.7,50.0,50.8
S4,64.50,71.50,79.80,91.20,89.50,22.69,2.0,0.22,84.3,0.10,99.90,5.88,0.0113,50.0,62.5,50.0,54.2,50.0,45.8
S5,65.10,73.20,80.70,89.50,86.00,23.72,2.0,0.22,84.3,0.10,99.90,5.96,0.0115,50.0,50.8,50.0,45.8,50.0,52.5
S6,54.40,60.50,60.50,68.40,61.40,6.56,2.0,0.22,84.3,0.10,99.90,5.87,0.0113,50.0,55.0,50.0,48.3,50.0,52.5
S7,76.00,86.00,92.10,98.20,98.20,47.75,2.0,0.22,84.3,0.10,99.90,6.01,0.0116,50.0,56.7,50.0,53.3,50.0,46.7
S8,72.60,85.50,93.90,100.00,100.00,40.56,2.0,0.22,84.3,0.10,99.90,6.11,0.0118,50.0,56.7,50.0,55.8,50.0,45.8
S9,61.10,72.80,72.80,79.00,79.00,17.91,2.0,0.22,84.3,0.10,99.90,6.00,0.0116,50.0,53.3,50.0,48.3,50.0,47.5
S10,63.20,70.60,77.20,73.70,79.00,24.67,2.0,0.22,84.3,0.10,99.90,6.09,0.0117,50.0,44.2,50.0,48.3,50.0,45.0
S11,57.30,61.00,62.30,75.40,70.20,10.40,2.0,0.22,84.3,0.10,99.90,6.04,0.0116,50.0,46.7,50.0,52.5,50.0,54.2
S12,66.80,77.20,80.70,87.70,91.20,27.74,2.0,0.22,84.3,0.10,99.90,5.88,0.0113,50.0,50.0,50.0,64.2,50.0,53.3
S13,69.80,83.30,89.50,94.70,96.50,37.32,2.0,0.22,84.3,0.10,99.90,5.87,0.0113,50.0,50.8,50.0,54.2,50.0,52.5
S14,66.50,76.30,77.20,89.50,89.50,27.16,2.0,0.22,84.3,0.10,99.90,5.94,0.0114,50.0,43.3,50.0,45.0,50.0,50.0
S15,78.50,87.30,93.00,98.20,100.00,50.77,2.0,0.22,84.3,0.10,99.90,5.93,0.0114,50.0,49.2,50.0,57.5,50.0,48.3
S16,60.70,62.70,72.80,77.20,80.70,18.94,2.0,0.22,84.3,0.10,99.90,5.96,0.0115,50.0,52.5,50.0,48.3,50.0,46.7
S17,64.60,73.20,80.70,82.50,86.00,23.65,2.0,0.22,84.3,0.10,99.90,5.90,0.0114,50.0,41.7,50.0,43.3,50.0,51.7
S18,66.70,74.60,84.20,91.20,93.00,27.22,2.0,0.22,84.3,0.10,99.90,5.93,0.0114,50.0,47.5,50.0,49.2,50.0,56.7
