subject,trial_num,trial_idx_in_subject,total_heldout_trials,margin,acc_5s,acc_10s,acc_20s,winner,rtf,duration_sec
S1,3,1,57,28.13,51.6,50.0,50.0,CORRECT,0.019,0.99
S1,4,2,57,42.78,68.1,75.0,100.0,CORRECT,0.0119,0.64
S1,5,3,57,-12.25,44.0,50.0,0.0,INCORRECT,0.012,0.65
S1,6,4,57,14.87,62.6,100.0,100.0,CORRECT,0.0124,0.67
S1,7,5,57,-22.82,39.6,25.0,0.0,INCORRECT,0.0122,0.65
S1,8,6,57,92.52,87.9,100.0,100.0,CORRECT,0.0121,0.65
S1,9,7,57,8.62,53.8,75.0,100.0,CORRECT,0.0117,0.63
S1,10,8,57,20.69,68.1,100.0,100.0,CORRECT,0.0123,0.66
S1,11,9,57,23.52,63.7,75.0,100.0,CORRECT,0.0115,0.62
S1,12,10,57,63.33,74.7,75.0,100.0,CORRECT,0.0116,0.62
S1,13,11,57,46.51,78.0,100.0,100.0,CORRECT,0.0119,0.64
S1,14,12,57,39.44,72.5,75.0,100.0,CORRECT,0.0122,0.66
S1,15,13,57,16.57,56.0,50.0,50.0,CORRECT,0.0118,0.63
S1,16,14,57,20.98,51.6,50.0,50.0,CORRECT,0.0116,0.62
S1,17,15,57,-31.86,35.2,0.0,0.0,INCORRECT,0.0121,0.65
S1,18,16,57,67.03,80.2,100.0,100.0,CORRECT,0.0117,0.63
S1,19,17,57,84.51,86.8,100.0,100.0,CORRECT,0.0119,0.64
S1,20,18,57,62.32,79.1,75.0,100.0,CORRECT,0.0116,0.63
S1,21,19,57,32.71,63.7,75.0,100.0,CORRECT,0.0126,0.67
S1,22,20,57,-1.38,45.1,50.0,0.0,INCORRECT,0.0117,0.63
S1,23,21,57,17.84,61.5,75.0,100.0,CORRECT,0.0114,0.61
S1,24,22,57,34.25,72.5,100.0,100.0,CORRECT,0.0121,0.65
S1,25,23,57,41.82,62.6,50.0,100.0,CORRECT,0.0117,0.63
S1,26,24,57,34.89,72.5,100.0,100.0,CORRECT,0.0115,0.62
S1,27,25,57,37.22,72.5,75.0,100.0,CORRECT,0.012,0.64
S1,28,26,57,26.17,54.9,75.0,50.0,CORRECT,0.0117,0.63
S1,29,27,57,41.48,82.4,75.0,100.0,CORRECT,0.0118,0.63
S1,30,28,57,38.71,82.4,100.0,100.0,CORRECT,0.0124,0.67
S1,31,29,57,41.0,76.9,75.0,100.0,CORRECT,0.0119,0.64
S1,32,30,57,34.4,70.3,100.0,100.0,CORRECT,0.0119,0.64
S1,33,31,57,58.45,82.4,100.0,100.0,CORRECT,0.0117,0.63
S1,34,32,57,13.38,57.1,50.0,100.0,CORRECT,0.0115,0.62
S1,35,33,57,19.33,61.5,75.0,100.0,CORRECT,0.0118,0.63
S1,36,34,57,26.99,61.5,75.0,100.0,CORRECT,0.012,0.65
S1,37,35,57,11.78,63.7,75.0,100.0,CORRECT,0.0121,0.65
S1,38,36,57,12.2,60.4,75.0,100.0,CORRECT,0.0116,0.62
S1,39,37,57,39.86,73.6,100.0,100.0,CORRECT,0.0119,0.64
S1,40,38,57,54.66,78.0,75.0,100.0,CORRECT,0.0116,0.63
S1,41,39,57,16.38,63.7,75.0,100.0,CORRECT,0.0112,0.6
S1,42,40,57,24.44,71.4,75.0,100.0,CORRECT,0.0109,0.59
S1,43,41,57,6.2,48.4,50.0,100.0,INCORRECT,0.011,0.59
S1,44,42,57,19.22,63.7,75.0,100.0,CORRECT,0.011,0.59
S1,45,43,57,20.18,61.5,75.0,100.0,CORRECT,0.0111,0.59
S1,46,44,57,17.23,63.7,75.0,50.0,CORRECT,0.0114,0.61
S1,47,45,57,72.7,86.8,100.0,100.0,CORRECT,0.0112,0.6
S1,48,46,57,9.16,59.3,100.0,100.0,CORRECT,0.0112,0.6
S1,49,47,57,34.14,65.9,75.0,100.0,CORRECT,0.0112,0.6
S1,50,48,57,30.57,74.7,75.0,100.0,CORRECT,0.0108,0.58
S1,51,49,57,56.33,85.7,100.0,100.0,CORRECT,0.011,0.59
S1,52,50,57,8.51,54.9,75.0,50.0,CORRECT,0.0112,0.6
S1,53,51,57,27.52,69.2,75.0,100.0,CORRECT,0.0117,0.63
S1,54,52,57,60.63,92.3,100.0,100.0,CORRECT,0.011,0.59
S1,55,53,57,17.33,69.2,50.0,50.0,CORRECT,0.0121,0.65
S1,56,54,57,38.18,75.8,100.0,100.0,CORRECT,0.0111,0.6
S1,57,55,57,24.48,69.2,75.0,50.0,CORRECT,0.0112,0.6
S1,58,56,57,-9.38,46.2,25.0,50.0,INCORRECT,0.0112,0.6
S1,59,57,57,-2.88,48.4,25.0,0.0,INCORRECT,0.011,0.59
S2,3,1,57,66.94,79.1,100.0,100.0,CORRECT,0.0111,0.59
S2,4,2,57,46.83,74.7,75.0,100.0,CORRECT,0.0111,0.59
S2,5,3,57,2.13,48.4,50.0,50.0,INCORRECT,0.0117,0.63
S2,6,4,57,36.69,65.9,100.0,100.0,CORRECT,0.0113,0.61
S2,7,5,57,43.36,81.3,100.0,100.0,CORRECT,0.011,0.59
S2,8,6,57,16.85,61.5,75.0,100.0,CORRECT,0.0109,0.59
S2,9,7,57,16.0,56.0,50.0,50.0,CORRECT,0.0117,0.63
S2,10,8,57,4.57,50.5,50.0,50.0,CORRECT,0.0111,0.6
S2,11,9,57,78.14,91.2,100.0,100.0,CORRECT,0.011,0.59
S2,12,10,57,15.94,56.0,50.0,100.0,CORRECT,0.0113,0.61
S2,13,11,57,14.51,51.6,75.0,100.0,CORRECT,0.011,0.59
S2,14,12,57,17.35,57.1,50.0,100.0,CORRECT,0.0127,0.68
S2,15,13,57,2.38,46.2,50.0,50.0,INCORRECT,0.0111,0.6
S2,16,14,57,36.87,63.7,50.0,50.0,CORRECT,0.0111,0.6
S2,17,15,57,95.17,91.2,100.0,100.0,CORRECT,0.011,0.59
S2,18,16,57,59.41,79.1,100.0,100.0,CORRECT,0.0107,0.58
S2,19,17,57,51.46,86.8,75.0,100.0,CORRECT,0.0109,0.59
S2,20,18,57,-24.13,34.1,25.0,0.0,INCORRECT,0.0108,0.58
S2,21,19,57,34.91,56.0,50.0,50.0,CORRECT,0.0107,0.58
S2,22,20,57,20.03,62.6,75.0,100.0,CORRECT,0.0109,0.58
S2,23,21,57,24.58,71.4,75.0,100.0,CORRECT,0.0108,0.58
S2,24,22,57,17.15,59.3,75.0,50.0,CORRECT,0.0109,0.59
S2,25,23,57,79.4,92.3,100.0,100.0,CORRECT,0.0112,0.6
S2,26,24,57,14.49,50.5,50.0,100.0,CORRECT,0.0116,0.62
S2,27,25,57,40.86,62.6,75.0,50.0,CORRECT,0.0112,0.6
S2,28,26,57,20.59,65.9,50.0,100.0,CORRECT,0.0108,0.58
S2,29,27,57,38.4,73.6,75.0,100.0,CORRECT,0.0112,0.6
S2,30,28,57,24.15,63.7,75.0,100.0,CORRECT,0.0108,0.58
S2,31,29,57,26.5,61.5,100.0,100.0,CORRECT,0.0111,0.6
S2,32,30,57,11.62,61.5,100.0,100.0,CORRECT,0.0109,0.59
S2,33,31,57,-2.29,53.8,75.0,50.0,CORRECT,0.0108,0.58
S2,34,32,57,47.49,78.0,100.0,100.0,CORRECT,0.0109,0.58
S2,35,33,57,5.15,50.5,25.0,50.0,CORRECT,0.0111,0.6
S2,36,34,57,38.7,69.2,100.0,100.0,CORRECT,0.011,0.59
S2,37,35,57,43.66,68.1,100.0,100.0,CORRECT,0.0111,0.59
S2,38,36,57,83.93,92.3,100.0,100.0,CORRECT,0.0112,0.6
S2,39,37,57,39.16,76.9,100.0,100.0,CORRECT,0.0109,0.59
S2,40,38,57,24.41,58.2,75.0,100.0,CORRECT,0.0108,0.58
S2,41,39,57,13.57,49.5,25.0,50.0,INCORRECT,0.0111,0.6
S2,42,40,57,69.22,86.8,100.0,100.0,CORRECT,0.0108,0.58
S2,43,41,57,5.81,59.3,75.0,100.0,CORRECT,0.0116,0.62
S2,44,42,57,17.1,62.6,75.0,50.0,CORRECT,0.011,0.59
S2,45,43,57,74.72,86.8,100.0,100.0,CORRECT,0.0109,0.59
S2,46,44,57,27.77,57.1,75.0,50.0,CORRECT,0.011,0.59
S2,47,45,57,70.01,79.1,100.0,100.0,CORRECT,0.011,0.59
S2,48,46,57,20.68,58.2,75.0,100.0,CORRECT,0.011,0.59
S2,49,47,57,32.76,63.7,100.0,100.0,CORRECT,0.0109,0.59
S2,50,48,57,57.43,81.3,75.0,100.0,CORRECT,0.012,0.65
S2,51,49,57,54.31,82.4,75.0,100.0,CORRECT,0.0117,0.63
S2,52,50,57,23.52,60.4,100.0,100.0,CORRECT,0.0115,0.62
S2,53,51,57,12.62,54.9,75.0,50.0,CORRECT,0.0131,0.7
S2,54,52,57,35.81,65.9,100.0,100.0,CORRECT,0.013,0.7
S2,55,53,57,84.14,94.5,100.0,100.0,CORRECT,0.0112,0.6
S2,56,54,57,66.1,83.5,100.0,100.0,CORRECT,0.011,0.59
S2,57,55,57,32.7,61.5,75.0,50.0,CORRECT,0.011,0.59
S2,58,56,57,48.95,87.9,100.0,100.0,CORRECT,0.011,0.59
S2,59,57,57,34.19,64.8,75.0,100.0,CORRECT,0.0116,0.62
S3,3,1,57,-18.15,48.4,25.0,0.0,INCORRECT,0.0113,0.61
S3,4,2,57,30.16,65.9,75.0,100.0,CORRECT,0.0114,0.61
S3,5,3,57,8.43,57.1,50.0,50.0,CORRECT,0.0111,0.6
S3,6,4,57,-20.95,39.6,50.0,0.0,INCORRECT,0.0109,0.58
S3,7,5,57,-1.06,50.5,50.0,50.0,CORRECT,0.0116,0.62
S3,8,6,57,20.74,61.5,50.0,100.0,CORRECT,0.0112,0.6
S3,9,7,57,21.35,63.7,75.0,100.0,CORRECT,0.0114,0.61
S3,10,8,57,15.96,62.6,75.0,50.0,CORRECT,0.0112,0.6
S3,11,9,57,14.09,57.1,75.0,50.0,CORRECT,0.0109,0.59
S3,12,10,57,48.71,67.0,75.0,100.0,CORRECT,0.0109,0.59
S3,13,11,57,20.75,56.0,50.0,50.0,CORRECT,0.0108,0.58
S3,14,12,57,52.35,82.4,100.0,100.0,CORRECT,0.011,0.59
S3,15,13,57,10.24,65.9,25.0,50.0,CORRECT,0.0114,0.61
S3,16,14,57,5.35,50.5,75.0,50.0,CORRECT,0.0108,0.58
S3,17,15,57,-13.17,39.6,50.0,0.0,INCORRECT,0.0108,0.58
S3,18,16,57,4.0,53.8,75.0,50.0,CORRECT,0.0108,0.58
S3,19,17,57,61.36,80.2,100.0,100.0,CORRECT,0.0111,0.6
S3,20,18,57,14.15,62.6,75.0,100.0,CORRECT,0.0109,0.58
S3,21,19,57,3.0,53.8,50.0,50.0,CORRECT,0.011,0.59
S3,22,20,57,-47.83,23.1,0.0,0.0,INCORRECT,0.0109,0.59
S3,23,21,57,-10.79,44.0,25.0,50.0,INCORRECT,0.0109,0.58
S3,24,22,57,53.83,75.8,100.0,100.0,CORRECT,0.0111,0.59
S3,25,23,57,18.95,54.9,75.0,100.0,CORRECT,0.0109,0.59
S3,26,24,57,33.93,74.7,75.0,100.0,CORRECT,0.0111,0.6
S3,27,25,57,30.03,71.4,75.0,100.0,CORRECT,0.0112,0.6
S3,28,26,57,34.94,70.3,75.0,50.0,CORRECT,0.0108,0.58
S3,29,27,57,-3.93,45.1,50.0,50.0,INCORRECT,0.0111,0.6
S3,30,28,57,4.42,48.4,100.0,100.0,INCORRECT,0.0109,0.59
S3,31,29,57,48.7,82.4,100.0,100.0,CORRECT,0.0115,0.62
S3,32,30,57,27.84,68.1,75.0,100.0,CORRECT,0.0109,0.59
S3,33,31,57,46.53,69.2,75.0,100.0,CORRECT,0.0106,0.57
S3,34,32,57,29.76,69.2,75.0,50.0,CORRECT,0.0107,0.58
S3,35,33,57,44.72,80.2,100.0,100.0,CORRECT,0.0107,0.58
S3,36,34,57,-19.16,36.3,50.0,0.0,INCORRECT,0.0107,0.58
S3,37,35,57,36.96,82.4,100.0,100.0,CORRECT,0.0108,0.58
S3,38,36,57,35.48,65.9,75.0,50.0,CORRECT,0.0109,0.59
S3,39,37,57,0.64,48.4,50.0,50.0,INCORRECT,0.0114,0.61
S3,40,38,57,8.58,50.5,50.0,100.0,CORRECT,0.0113,0.6
S3,41,39,57,10.28,58.2,75.0,50.0,CORRECT,0.0111,0.6
S3,42,40,57,65.13,84.6,75.0,100.0,CORRECT,0.0112,0.6
S3,43,41,57,-3.85,42.9,25.0,50.0,INCORRECT,0.0112,0.6
S3,44,42,57,-1.8,41.8,25.0,50.0,INCORRECT,0.0116,0.62
S3,45,43,57,34.14,65.9,100.0,100.0,CORRECT,0.011,0.59
S3,46,44,57,27.74,58.2,50.0,100.0,CORRECT,0.011,0.59
S3,47,45,57,7.14,54.9,25.0,50.0,CORRECT,0.0108,0.58
S3,48,46,57,56.58,85.7,100.0,100.0,CORRECT,0.0116,0.62
S3,49,47,57,-0.07,42.9,25.0,50.0,INCORRECT,0.0117,0.63
S3,50,48,57,-12.36,42.9,50.0,0.0,INCORRECT,0.0114,0.61
S3,51,49,57,33.33,65.9,50.0,50.0,CORRECT,0.0112,0.6
S3,52,50,57,27.15,60.4,50.0,50.0,CORRECT,0.0111,0.6
S3,53,51,57,74.67,91.2,100.0,100.0,CORRECT,0.0117,0.63
S3,54,52,57,10.08,57.1,50.0,50.0,CORRECT,0.0111,0.6
S3,55,53,57,22.13,56.0,75.0,50.0,CORRECT,0.0113,0.61
S3,56,54,57,40.39,71.4,75.0,100.0,CORRECT,0.0112,0.6
S3,57,55,57,-1.59,45.1,50.0,50.0,INCORRECT,0.0111,0.6
S3,58,56,57,37.8,72.5,100.0,100.0,CORRECT,0.0111,0.6
S3,59,57,57,5.13,56.0,100.0,100.0,CORRECT,0.0116,0.62
S4,3,1,57,30.28,69.2,75.0,100.0,CORRECT,0.012,0.64
S4,4,2,57,13.96,64.8,50.0,50.0,CORRECT,0.0112,0.6
S4,5,3,57,32.51,63.7,50.0,50.0,CORRECT,0.0111,0.6
S4,6,4,57,44.85,84.6,75.0,100.0,CORRECT,0.0114,0.61
S4,7,5,57,15.91,67.0,75.0,100.0,CORRECT,0.0114,0.61
S4,8,6,57,27.05,58.2,75.0,100.0,CORRECT,0.0112,0.6
S4,9,7,57,-29.55,24.2,0.0,0.0,INCORRECT,0.0113,0.61
S4,10,8,57,19.63,68.1,75.0,50.0,CORRECT,0.0111,0.6
S4,11,9,57,47.47,81.3,75.0,100.0,CORRECT,0.0118,0.63
S4,12,10,57,13.56,60.4,50.0,50.0,CORRECT,0.0113,0.6
S4,13,11,57,-13.04,46.2,50.0,50.0,INCORRECT,0.0112,0.6
S4,14,12,57,4.6,56.0,75.0,50.0,CORRECT,0.0115,0.62
S4,15,13,57,17.8,62.6,75.0,100.0,CORRECT,0.0113,0.6
S4,16,14,57,34.16,73.6,100.0,100.0,CORRECT,0.0116,0.62
S4,17,15,57,39.84,76.9,75.0,100.0,CORRECT,0.0112,0.6
S4,18,16,57,55.49,82.4,100.0,100.0,CORRECT,0.0111,0.6
S4,19,17,57,44.59,76.9,100.0,100.0,CORRECT,0.0118,0.64
S4,20,18,57,1.13,51.6,50.0,50.0,CORRECT,0.011,0.59
S4,21,19,57,9.62,58.2,50.0,50.0,CORRECT,0.011,0.59
S4,22,20,57,17.94,53.8,50.0,50.0,CORRECT,0.0111,0.6
S4,23,21,57,15.88,56.0,50.0,50.0,CORRECT,0.0111,0.59
S4,24,22,57,-5.73,57.1,50.0,50.0,CORRECT,0.0112,0.6
S4,25,23,57,42.92,80.2,100.0,100.0,CORRECT,0.011,0.59
S4,26,24,57,13.29,61.5,75.0,100.0,CORRECT,0.0112,0.6
S4,27,25,57,10.89,56.0,50.0,100.0,CORRECT,0.012,0.65
S4,28,26,57,4.73,53.8,50.0,50.0,CORRECT,0.0116,0.62
S4,29,27,57,29.83,74.7,100.0,100.0,CORRECT,0.0114,0.61
S4,30,28,57,35.3,73.6,75.0,100.0,CORRECT,0.0112,0.6
S4,31,29,57,-3.13,44.0,50.0,50.0,INCORRECT,0.0111,0.6
S4,32,30,57,16.37,56.0,75.0,100.0,CORRECT,0.0115,0.62
S4,33,31,57,70.67,86.8,100.0,100.0,CORRECT,0.011,0.59
S4,34,32,57,50.76,82.4,100.0,100.0,CORRECT,0.011,0.59
S4,35,33,57,13.13,53.8,75.0,50.0,CORRECT,0.0114,0.61
S4,36,34,57,10.44,51.6,50.0,50.0,CORRECT,0.0117,0.63
S4,37,35,57,0.78,52.7,75.0,100.0,CORRECT,0.0114,0.61
S4,38,36,57,38.56,73.6,100.0,100.0,CORRECT,0.0111,0.6
S4,39,37,57,30.69,64.8,75.0,100.0,CORRECT,0.0112,0.6
S4,40,38,57,9.83,56.0,75.0,100.0,CORRECT,0.0113,0.61
S4,41,39,57,36.88,69.2,75.0,100.0,CORRECT,0.0113,0.61
S4,42,40,57,53.71,83.5,100.0,100.0,CORRECT,0.0122,0.65
S4,43,41,57,15.31,52.7,25.0,50.0,CORRECT,0.0119,0.64
S4,44,42,57,32.48,76.9,100.0,100.0,CORRECT,0.0112,0.6
S4,45,43,57,43.91,78.0,75.0,100.0,CORRECT,0.0111,0.6
S4,46,44,57,21.97,65.9,50.0,50.0,CORRECT,0.0114,0.61
S4,47,45,57,2.33,49.5,50.0,50.0,INCORRECT,0.0113,0.61
S4,48,46,57,58.84,85.7,100.0,100.0,CORRECT,0.0111,0.59
S4,49,47,57,25.85,73.6,75.0,100.0,CORRECT,0.0112,0.6
S4,50,48,57,31.6,72.5,100.0,100.0,CORRECT,0.0113,0.61
S4,51,49,57,17.88,52.7,50.0,100.0,CORRECT,0.0112,0.6
S4,52,50,57,23.22,61.5,75.0,100.0,CORRECT,0.0116,0.62
S4,53,51,57,11.92,59.3,100.0,100.0,CORRECT,0.0111,0.6
S4,54,52,57,-0.76,62.6,50.0,50.0,CORRECT,0.0111,0.6
S4,55,53,57,29.68,69.2,100.0,100.0,CORRECT,0.0112,0.6
S4,56,54,57,21.3,62.6,100.0,100.0,CORRECT,0.0111,0.59
S4,57,55,57,32.65,79.1,75.0,100.0,CORRECT,0.0111,0.6
S4,58,56,57,-2.25,47.3,75.0,50.0,INCORRECT,0.011,0.59
S4,59,57,57,23.76,59.3,50.0,50.0,CORRECT,0.0111,0.6
S5,3,1,57,21.87,53.8,50.0,100.0,CORRECT,0.0114,0.61
S5,4,2,57,6.37,54.9,50.0,50.0,CORRECT,0.0114,0.61
S5,5,3,57,22.91,71.4,50.0,50.0,CORRECT,0.0114,0.61
S5,6,4,57,17.61,58.2,75.0,100.0,CORRECT,0.0115,0.62
S5,7,5,57,56.1,79.1,100.0,100.0,CORRECT,0.0115,0.62
S5,8,6,57,-1.3,52.7,25.0,50.0,CORRECT,0.0113,0.61
S5,9,7,57,6.18,47.3,50.0,50.0,INCORRECT,0.0115,0.62
S5,10,8,57,-19.77,34.1,25.0,50.0,INCORRECT,0.0128,0.69
S5,11,9,57,60.1,83.5,100.0,100.0,CORRECT,0.0115,0.62
S5,12,10,57,10.1,54.9,50.0,50.0,CORRECT,0.0118,0.63
S5,13,11,57,22.09,63.7,75.0,100.0,CORRECT,0.012,0.64
S5,14,12,57,28.22,69.2,100.0,100.0,CORRECT,0.0117,0.63
S5,15,13,57,49.09,82.4,75.0,100.0,CORRECT,0.0115,0.62
S5,16,14,57,6.6,54.9,75.0,50.0,CORRECT,0.0116,0.63
S5,17,15,57,39.98,75.8,75.0,50.0,CORRECT,0.0116,0.62
S5,18,16,57,35.84,72.5,75.0,100.0,CORRECT,0.0117,0.63
S5,19,17,57,13.58,54.9,50.0,50.0,CORRECT,0.0114,0.61
S5,20,18,57,17.43,59.3,100.0,100.0,CORRECT,0.0115,0.62
S5,21,19,57,21.77,68.1,50.0,100.0,CORRECT,0.0117,0.63
S5,22,20,57,-13.93,40.7,25.0,0.0,INCORRECT,0.0112,0.6
S5,23,21,57,33.4,78.0,100.0,100.0,CORRECT,0.0113,0.61
S5,24,22,57,12.21,62.6,100.0,100.0,CORRECT,0.0114,0.61
S5,25,23,57,52.42,80.2,75.0,100.0,CORRECT,0.0116,0.62
S5,26,24,57,9.51,59.3,50.0,100.0,CORRECT,0.0122,0.65
S5,27,25,57,-8.52,51.6,25.0,50.0,CORRECT,0.0114,0.61
S5,28,26,57,37.91,64.8,75.0,100.0,CORRECT,0.0116,0.62
S5,29,27,57,43.45,70.3,100.0,100.0,CORRECT,0.0111,0.6
S5,30,28,57,38.95,81.3,100.0,100.0,CORRECT,0.0113,0.61
S5,31,29,57,43.39,69.2,100.0,100.0,CORRECT,0.0114,0.61
S5,32,30,57,28.47,65.9,100.0,100.0,CORRECT,0.0113,0.61
S5,33,31,57,-1.11,51.6,75.0,100.0,CORRECT,0.0114,0.61
S5,34,32,57,13.52,69.2,75.0,50.0,CORRECT,0.0114,0.61
S5,35,33,57,8.7,65.9,75.0,100.0,CORRECT,0.0114,0.61
S5,36,34,57,9.21,64.8,50.0,100.0,CORRECT,0.012,0.65
S5,37,35,57,72.44,87.9,100.0,100.0,CORRECT,0.0114,0.61
S5,38,36,57,15.52,56.0,75.0,50.0,CORRECT,0.0113,0.6
S5,39,37,57,42.32,74.7,75.0,100.0,CORRECT,0.0113,0.61
S5,40,38,57,43.82,75.8,100.0,100.0,CORRECT,0.0112,0.6
S5,41,39,57,35.15,81.3,75.0,100.0,CORRECT,0.0114,0.61
S5,42,40,57,-5.7,45.1,25.0,0.0,INCORRECT,0.0115,0.62
S5,43,41,57,19.59,67.0,75.0,100.0,CORRECT,0.0118,0.63
S5,44,42,57,14.17,60.4,75.0,100.0,CORRECT,0.0115,0.62
S5,45,43,57,7.14,49.5,50.0,50.0,INCORRECT,0.0112,0.6
S5,46,44,57,32.98,71.4,100.0,100.0,CORRECT,0.0119,0.64
S5,47,45,57,3.3,50.5,50.0,100.0,CORRECT,0.0112,0.6
S5,48,46,57,17.17,58.2,75.0,50.0,CORRECT,0.0111,0.6
S5,49,47,57,4.32,53.8,75.0,50.0,CORRECT,0.0112,0.6
S5,50,48,57,73.16,89.0,100.0,100.0,CORRECT,0.011,0.59
S5,51,49,57,-0.95,54.9,75.0,50.0,CORRECT,0.0114,0.61
S5,52,50,57,29.33,67.0,75.0,100.0,CORRECT,0.0111,0.6
S5,53,51,57,58.22,89.0,100.0,100.0,CORRECT,0.0111,0.6
S5,54,52,57,55.71,90.1,100.0,100.0,CORRECT,0.0114,0.61
S5,55,53,57,23.25,63.7,75.0,100.0,CORRECT,0.0115,0.62
S5,56,54,57,-4.93,42.9,50.0,50.0,INCORRECT,0.0113,0.61
S5,57,55,57,22.19,67.0,100.0,100.0,CORRECT,0.0116,0.62
S5,58,56,57,24.19,71.4,75.0,50.0,CORRECT,0.0113,0.61
S5,59,57,57,47.55,75.8,100.0,100.0,CORRECT,0.012,0.64
S6,3,1,57,-0.1,52.7,50.0,50.0,CORRECT,0.011,0.59
S6,4,2,57,3.66,42.9,25.0,50.0,INCORRECT,0.0115,0.62
S6,5,3,57,15.44,61.5,100.0,100.0,CORRECT,0.0113,0.61
S6,6,4,57,31.37,65.9,75.0,100.0,CORRECT,0.0112,0.6
S6,7,5,57,-0.07,52.7,50.0,50.0,CORRECT,0.0112,0.6
S6,8,6,57,12.61,61.5,50.0,100.0,CORRECT,0.0112,0.6
S6,9,7,57,34.24,52.7,75.0,50.0,CORRECT,0.0114,0.61
S6,10,8,57,-4.79,53.8,50.0,50.0,CORRECT,0.0119,0.64
S6,11,9,57,16.55,56.0,50.0,100.0,CORRECT,0.0112,0.6
S6,12,10,57,-20.24,35.2,50.0,0.0,INCORRECT,0.0113,0.61
S6,13,11,57,0.32,54.9,50.0,50.0,CORRECT,0.0111,0.59
S6,14,12,57,-19.88,44.0,50.0,50.0,INCORRECT,0.0113,0.61
S6,15,13,57,19.66,62.6,75.0,50.0,CORRECT,0.0113,0.61
S6,16,14,57,-37.72,31.9,0.0,0.0,INCORRECT,0.0111,0.6
S6,17,15,57,10.99,56.0,50.0,50.0,CORRECT,0.0113,0.61
S6,18,16,57,24.29,62.6,25.0,50.0,CORRECT,0.011,0.59
S6,19,17,57,-16.23,44.0,25.0,50.0,INCORRECT,0.0112,0.6
S6,20,18,57,8.51,51.6,75.0,50.0,CORRECT,0.0113,0.61
S6,21,19,57,35.47,75.8,100.0,100.0,CORRECT,0.0113,0.61
S6,22,20,57,-12.29,45.1,50.0,50.0,INCORRECT,0.0113,0.61
S6,23,21,57,-22.46,36.3,50.0,50.0,INCORRECT,0.0111,0.6
S6,24,22,57,-7.9,57.1,75.0,50.0,CORRECT,0.0113,0.61
S6,25,23,57,10.05,52.7,75.0,100.0,CORRECT,0.0111,0.59
S6,26,24,57,29.39,56.0,75.0,100.0,CORRECT,0.0117,0.63
S6,27,25,57,45.48,85.7,100.0,100.0,CORRECT,0.0113,0.61
S6,28,26,57,18.01,60.4,50.0,100.0,CORRECT,0.0108,0.58
S6,29,27,57,45.62,79.1,100.0,100.0,CORRECT,0.0111,0.6
S6,30,28,57,-37.08,25.3,25.0,0.0,INCORRECT,0.0111,0.6
S6,31,29,57,27.08,72.5,100.0,100.0,CORRECT,0.0112,0.6
S6,32,30,57,29.17,63.7,75.0,100.0,CORRECT,0.0111,0.6
S6,33,31,57,-29.98,36.3,25.0,0.0,INCORRECT,0.0111,0.6
S6,34,32,57,-14.37,45.1,50.0,50.0,INCORRECT,0.0112,0.6
S6,35,33,57,35.77,75.8,75.0,100.0,CORRECT,0.0111,0.59
S6,36,34,57,-20.28,40.7,25.0,0.0,INCORRECT,0.0113,0.61
S6,37,35,57,6.83,52.7,50.0,50.0,CORRECT,0.0112,0.6
S6,38,36,57,9.73,59.3,75.0,50.0,CORRECT,0.0112,0.6
S6,39,37,57,-14.16,45.1,50.0,50.0,INCORRECT,0.0123,0.66
S6,40,38,57,27.36,64.8,100.0,100.0,CORRECT,0.0115,0.62
S6,41,39,57,2.6,54.9,25.0,50.0,CORRECT,0.0112,0.6
S6,42,40,57,8.84,51.6,75.0,50.0,CORRECT,0.0116,0.62
S6,43,41,57,12.6,62.6,100.0,100.0,CORRECT,0.0122,0.65
S6,44,42,57,-1.65,49.5,75.0,50.0,INCORRECT,0.0116,0.62
S6,45,43,57,8.11,54.9,75.0,100.0,CORRECT,0.0117,0.63
S6,46,44,57,-18.18,40.7,50.0,0.0,INCORRECT,0.0113,0.61
S6,47,45,57,48.49,71.4,100.0,100.0,CORRECT,0.0111,0.6
S6,48,46,57,-2.56,51.6,50.0,50.0,CORRECT,0.0116,0.63
S6,49,47,57,19.62,62.6,75.0,50.0,CORRECT,0.0114,0.61
S6,50,48,57,-16.92,31.9,50.0,50.0,INCORRECT,0.0112,0.6
S6,51,49,57,3.04,52.7,50.0,50.0,CORRECT,0.0112,0.6
S6,52,50,57,12.52,62.6,75.0,50.0,CORRECT,0.0114,0.62
S6,53,51,57,8.93,56.0,75.0,100.0,CORRECT,0.011,0.59
S6,54,52,57,-5.87,40.7,25.0,0.0,INCORRECT,0.0117,0.63
S6,55,53,57,-11.7,47.3,25.0,50.0,INCORRECT,0.0112,0.6
S6,56,54,57,-4.08,45.1,50.0,0.0,INCORRECT,0.0111,0.6
S6,57,55,57,2.87,53.8,50.0,50.0,CORRECT,0.0111,0.6
S6,58,56,57,19.77,65.9,75.0,100.0,CORRECT,0.0113,0.61
S6,59,57,57,47.29,71.4,100.0,100.0,CORRECT,0.0119,0.64
S7,3,1,57,64.75,71.4,100.0,100.0,CORRECT,0.0112,0.6
S7,4,2,57,16.16,56.0,50.0,50.0,CORRECT,0.0113,0.61
S7,5,3,57,57.42,85.7,100.0,100.0,CORRECT,0.0115,0.62
S7,6,4,57,41.32,78.0,100.0,100.0,CORRECT,0.0112,0.6
S7,7,5,57,40.41,72.5,75.0,100.0,CORRECT,0.0112,0.6
S7,8,6,57,59.42,76.9,75.0,100.0,CORRECT,0.0112,0.6
S7,9,7,57,49.82,75.8,75.0,100.0,CORRECT,0.0132,0.71
S7,10,8,57,75.25,90.1,100.0,100.0,CORRECT,0.0116,0.63
S7,11,9,57,34.38,67.0,75.0,100.0,CORRECT,0.0114,0.61
S7,12,10,57,54.52,73.6,75.0,100.0,CORRECT,0.0115,0.62
S7,13,11,57,42.33,79.1,75.0,100.0,CORRECT,0.0114,0.61
S7,14,12,57,37.69,67.0,100.0,100.0,CORRECT,0.0115,0.62
S7,15,13,57,47.2,74.7,75.0,100.0,CORRECT,0.0116,0.62
S7,16,14,57,35.91,72.5,100.0,100.0,CORRECT,0.0113,0.61
S7,17,15,57,30.08,73.6,100.0,100.0,CORRECT,0.0115,0.62
S7,18,16,57,48.48,89.0,100.0,100.0,CORRECT,0.0117,0.63
S7,19,17,57,48.51,75.8,100.0,100.0,CORRECT,0.0115,0.62
S7,20,18,57,69.92,89.0,100.0,100.0,CORRECT,0.0115,0.62
S7,21,19,57,71.65,80.2,75.0,100.0,CORRECT,0.0116,0.62
S7,22,20,57,65.17,90.1,100.0,100.0,CORRECT,0.0113,0.61
S7,23,21,57,26.56,64.8,50.0,50.0,CORRECT,0.0116,0.62
S7,24,22,57,63.83,85.7,100.0,100.0,CORRECT,0.0115,0.62
S7,25,23,57,29.47,70.3,75.0,50.0,CORRECT,0.0121,0.65
S7,26,24,57,57.21,91.2,100.0,100.0,CORRECT,0.0117,0.63
S7,27,25,57,11.82,56.0,50.0,50.0,CORRECT,0.0118,0.63
S7,28,26,57,99.57,91.2,100.0,100.0,CORRECT,0.0115,0.62
S7,29,27,57,32.12,64.8,75.0,50.0,CORRECT,0.0115,0.62
S7,30,28,57,32.33,62.6,50.0,50.0,CORRECT,0.0118,0.63
S7,31,29,57,36.12,69.2,75.0,100.0,CORRECT,0.0114,0.62
S7,32,30,57,55.83,79.1,100.0,100.0,CORRECT,0.0114,0.61
S7,33,31,57,45.51,67.0,100.0,100.0,CORRECT,0.0115,0.62
S7,34,32,57,78.45,84.6,100.0,100.0,CORRECT,0.0113,0.61
S7,35,33,57,62.4,82.4,100.0,100.0,CORRECT,0.0115,0.62
S7,36,34,57,30.74,70.3,75.0,100.0,CORRECT,0.0113,0.61
S7,37,35,57,-4.57,46.2,25.0,50.0,INCORRECT,0.0114,0.61
S7,38,36,57,37.7,82.4,75.0,100.0,CORRECT,0.0115,0.62
S7,39,37,57,58.37,82.4,100.0,100.0,CORRECT,0.0115,0.62
S7,40,38,57,67.75,81.3,100.0,100.0,CORRECT,0.0114,0.61
S7,41,39,57,66.34,86.8,100.0,100.0,CORRECT,0.0126,0.68
S7,42,40,57,57.85,89.0,100.0,100.0,CORRECT,0.011,0.59
S7,43,41,57,62.35,85.7,100.0,100.0,CORRECT,0.0115,0.62
S7,44,42,57,47.13,79.1,75.0,100.0,CORRECT,0.0116,0.62
S7,45,43,57,59.67,80.2,75.0,100.0,CORRECT,0.0113,0.61
S7,46,44,57,41.31,65.9,100.0,100.0,CORRECT,0.0115,0.62
S7,47,45,57,39.93,74.7,100.0,100.0,CORRECT,0.0116,0.62
S7,48,46,57,61.52,83.5,100.0,100.0,CORRECT,0.0113,0.61
S7,49,47,57,53.95,80.2,100.0,100.0,CORRECT,0.0115,0.62
S7,50,48,57,22.36,69.2,75.0,100.0,CORRECT,0.0117,0.63
S7,51,49,57,43.9,85.7,100.0,100.0,CORRECT,0.0117,0.63
S7,52,50,57,18.02,58.2,75.0,50.0,CORRECT,0.0117,0.63
S7,53,51,57,58.07,81.3,100.0,100.0,CORRECT,0.0117,0.63
S7,54,52,57,49.41,74.7,100.0,100.0,CORRECT,0.0116,0.62
S7,55,53,57,36.01,68.1,75.0,50.0,CORRECT,0.0114,0.61
S7,56,54,57,55.64,82.4,75.0,100.0,CORRECT,0.0116,0.62
S7,57,55,57,32.94,71.4,75.0,100.0,CORRECT,0.0126,0.68
S7,58,56,57,56.25,72.5,75.0,100.0,CORRECT,0.0115,0.62
S7,59,57,57,47.49,74.7,100.0,100.0,CORRECT,0.0117,0.63
S8,3,1,57,24.65,58.2,50.0,100.0,CORRECT,0.0118,0.63
S8,4,2,57,68.45,82.4,100.0,100.0,CORRECT,0.0116,0.62
S8,5,3,57,29.57,72.5,50.0,100.0,CORRECT,0.0121,0.65
S8,6,4,57,47.17,65.9,75.0,50.0,CORRECT,0.0118,0.64
S8,7,5,57,63.28,87.9,100.0,100.0,CORRECT,0.0117,0.63
S8,8,6,57,55.3,82.4,75.0,100.0,CORRECT,0.0129,0.69
S8,9,7,57,31.06,78.0,100.0,100.0,CORRECT,0.0116,0.62
S8,10,8,57,29.61,71.4,100.0,100.0,CORRECT,0.0115,0.62
S8,11,9,57,31.3,62.6,100.0,100.0,CORRECT,0.0124,0.67
S8,12,10,57,26.92,67.0,100.0,100.0,CORRECT,0.0119,0.64
S8,13,11,57,42.83,73.6,100.0,100.0,CORRECT,0.0118,0.63
S8,14,12,57,53.97,81.3,100.0,100.0,CORRECT,0.0113,0.61
S8,15,13,57,32.53,76.9,100.0,100.0,CORRECT,0.0114,0.61
S8,16,14,57,18.87,68.1,50.0,100.0,CORRECT,0.0116,0.62
S8,17,15,57,11.94,58.2,75.0,50.0,CORRECT,0.0118,0.64
S8,18,16,57,35.06,71.4,100.0,100.0,CORRECT,0.0119,0.64
S8,19,17,57,84.28,94.5,100.0,100.0,CORRECT,0.0122,0.65
S8,20,18,57,71.11,85.7,100.0,100.0,CORRECT,0.0119,0.64
S8,21,19,57,6.86,53.8,75.0,50.0,CORRECT,0.0117,0.63
S8,22,20,57,67.8,81.3,100.0,100.0,CORRECT,0.0116,0.62
S8,23,21,57,15.11,62.6,75.0,100.0,CORRECT,0.0116,0.62
S8,24,22,57,33.13,72.5,100.0,100.0,CORRECT,0.0115,0.62
S8,25,23,57,22.78,61.5,50.0,100.0,CORRECT,0.0119,0.64
S8,26,24,57,45.87,72.5,100.0,100.0,CORRECT,0.0119,0.64
S8,27,25,57,3.26,51.6,75.0,100.0,CORRECT,0.0127,0.69
S8,28,26,57,24.59,60.4,50.0,50.0,CORRECT,0.0117,0.63
S8,29,27,57,51.67,71.4,100.0,100.0,CORRECT,0.0117,0.63
S8,30,28,57,37.37,72.5,100.0,100.0,CORRECT,0.0117,0.63
S8,31,29,57,10.81,58.2,50.0,100.0,CORRECT,0.0118,0.63
S8,32,30,57,5.83,51.6,50.0,100.0,CORRECT,0.0117,0.63
S8,33,31,57,46.04,74.7,75.0,100.0,CORRECT,0.0116,0.62
S8,34,32,57,36.11,62.6,75.0,50.0,CORRECT,0.0115,0.62
S8,35,33,57,69.87,82.4,100.0,100.0,CORRECT,0.0118,0.63
S8,36,34,57,43.35,76.9,75.0,100.0,CORRECT,0.0119,0.64
S8,37,35,57,55.06,78.0,100.0,100.0,CORRECT,0.0118,0.64
S8,38,36,57,79.15,84.6,100.0,100.0,CORRECT,0.0117,0.63
S8,39,37,57,27.79,68.1,100.0,100.0,CORRECT,0.0116,0.63
S8,40,38,57,40.11,79.1,75.0,100.0,CORRECT,0.0112,0.6
S8,41,39,57,48.11,79.1,100.0,100.0,CORRECT,0.0115,0.62
S8,42,40,57,15.09,51.6,50.0,100.0,CORRECT,0.0115,0.62
S8,43,41,57,94.12,92.3,100.0,100.0,CORRECT,0.0123,0.66
S8,44,42,57,61.97,91.2,100.0,100.0,CORRECT,0.0113,0.61
S8,45,43,57,12.84,61.5,75.0,100.0,CORRECT,0.0113,0.61
S8,46,44,57,86.97,96.7,100.0,100.0,CORRECT,0.0116,0.63
S8,47,45,57,35.81,80.2,100.0,100.0,CORRECT,0.0113,0.61
S8,48,46,57,53.12,73.6,100.0,100.0,CORRECT,0.0112,0.6
S8,49,47,57,57.33,76.9,75.0,100.0,CORRECT,0.0117,0.63
S8,50,48,57,68.7,87.9,100.0,100.0,CORRECT,0.0118,0.63
S8,51,49,57,1.2,53.8,50.0,0.0,CORRECT,0.0118,0.63
S8,52,50,57,25.33,62.6,75.0,100.0,CORRECT,0.0115,0.62
S8,53,51,57,60.51,87.9,100.0,100.0,CORRECT,0.0118,0.63
S8,54,52,57,49.41,70.3,100.0,100.0,CORRECT,0.0118,0.63
S8,55,53,57,38.57,72.5,100.0,100.0,CORRECT,0.012,0.64
S8,56,54,57,22.3,54.9,50.0,100.0,CORRECT,0.0118,0.63
S8,57,55,57,36.83,76.9,100.0,100.0,CORRECT,0.012,0.65
S8,58,56,57,35.61,71.4,100.0,100.0,CORRECT,0.0118,0.63
S8,59,57,57,27.57,79.1,100.0,100.0,CORRECT,0.0123,0.66
S9,3,1,57,33.43,76.9,100.0,100.0,CORRECT,0.0116,0.62
S9,4,2,57,25.16,59.3,100.0,100.0,CORRECT,0.0121,0.65
S9,5,3,57,12.23,62.6,75.0,50.0,CORRECT,0.0123,0.66
S9,6,4,57,10.3,51.6,75.0,50.0,CORRECT,0.0117,0.63
S9,7,5,57,33.96,62.6,75.0,100.0,CORRECT,0.0119,0.64
S9,8,6,57,17.89,68.1,75.0,100.0,CORRECT,0.0113,0.61
S9,9,7,57,3.19,54.9,50.0,50.0,CORRECT,0.0114,0.61
S9,10,8,57,25.0,64.8,75.0,100.0,CORRECT,0.0116,0.62
S9,11,9,57,24.57,63.7,50.0,100.0,CORRECT,0.0113,0.61
S9,12,10,57,15.2,57.1,50.0,50.0,CORRECT,0.0117,0.63
S9,13,11,57,28.55,65.9,75.0,50.0,CORRECT,0.0113,0.61
S9,14,12,57,25.04,68.1,75.0,100.0,CORRECT,0.0114,0.61
S9,15,13,57,26.53,67.0,75.0,50.0,CORRECT,0.0113,0.61
S9,16,14,57,10.01,56.0,75.0,50.0,CORRECT,0.0113,0.61
S9,17,15,57,29.66,67.0,100.0,100.0,CORRECT,0.0115,0.62
S9,18,16,57,39.95,73.6,100.0,100.0,CORRECT,0.0118,0.64
S9,19,17,57,1.32,50.5,75.0,50.0,CORRECT,0.0116,0.62
S9,20,18,57,39.05,67.0,75.0,50.0,CORRECT,0.0112,0.6
S9,21,19,57,31.54,63.7,75.0,100.0,CORRECT,0.0113,0.61
S9,22,20,57,57.25,91.2,100.0,100.0,CORRECT,0.0115,0.62
S9,23,21,57,40.51,69.2,75.0,100.0,CORRECT,0.0125,0.67
S9,24,22,57,4.72,45.1,50.0,50.0,INCORRECT,0.0113,0.61
S9,25,23,57,37.41,80.2,75.0,100.0,CORRECT,0.0114,0.61
S9,26,24,57,44.09,87.9,100.0,100.0,CORRECT,0.0114,0.61
S9,27,25,57,18.11,64.8,100.0,100.0,CORRECT,0.0116,0.62
S9,28,26,57,41.17,74.7,75.0,100.0,CORRECT,0.0113,0.61
S9,29,27,57,38.5,75.8,75.0,100.0,CORRECT,0.0113,0.61
S9,30,28,57,10.89,62.6,75.0,100.0,CORRECT,0.0119,0.64
S9,31,29,57,-21.09,34.1,25.0,0.0,INCORRECT,0.0118,0.63
S9,32,30,57,-19.2,39.6,25.0,0.0,INCORRECT,0.0114,0.61
S9,33,31,57,-8.32,40.7,25.0,0.0,INCORRECT,0.0116,0.62
S9,34,32,57,-24.5,34.1,25.0,0.0,INCORRECT,0.0115,0.62
S9,35,33,57,34.9,64.8,100.0,100.0,CORRECT,0.0119,0.64
S9,36,34,57,20.64,67.0,75.0,100.0,CORRECT,0.0116,0.62
S9,37,35,57,-14.62,47.3,50.0,0.0,INCORRECT,0.0115,0.62
S9,38,36,57,-1.92,42.9,75.0,50.0,INCORRECT,0.0113,0.61
S9,39,37,57,21.18,56.0,75.0,100.0,CORRECT,0.0125,0.67
S9,40,38,57,-32.28,35.2,25.0,0.0,INCORRECT,0.0115,0.62
S9,41,39,57,37.64,64.8,75.0,100.0,CORRECT,0.0115,0.62
S9,42,40,57,18.25,67.0,75.0,100.0,CORRECT,0.0114,0.62
S9,43,41,57,-1.56,38.5,25.0,50.0,INCORRECT,0.0115,0.62
S9,44,42,57,33.42,71.4,75.0,100.0,CORRECT,0.0118,0.63
S9,45,43,57,31.05,69.2,100.0,100.0,CORRECT,0.0116,0.62
S9,46,44,57,11.62,68.1,75.0,50.0,CORRECT,0.0117,0.63
S9,47,45,57,8.96,49.5,75.0,50.0,INCORRECT,0.0116,0.62
S9,48,46,57,-0.03,52.7,75.0,50.0,CORRECT,0.0116,0.62
S9,49,47,57,-9.56,49.5,75.0,100.0,INCORRECT,0.0116,0.62
S9,50,48,57,20.67,65.9,100.0,100.0,CORRECT,0.0117,0.63
S9,51,49,57,23.43,62.6,75.0,50.0,CORRECT,0.0115,0.62
S9,52,50,57,3.42,59.3,75.0,50.0,CORRECT,0.0113,0.61
S9,53,51,57,22.69,59.3,100.0,100.0,CORRECT,0.0111,0.6
S9,54,52,57,-9.2,41.8,25.0,0.0,INCORRECT,0.0114,0.61
S9,55,53,57,-5.8,51.6,50.0,100.0,CORRECT,0.0119,0.64
S9,56,54,57,46.89,74.7,100.0,100.0,CORRECT,0.0113,0.61
S9,57,55,57,58.8,81.3,100.0,100.0,CORRECT,0.0113,0.61
S9,58,56,57,33.0,70.3,100.0,100.0,CORRECT,0.0115,0.62
S9,59,57,57,17.07,69.2,100.0,100.0,CORRECT,0.0117,0.63
S10,3,1,57,24.33,69.2,100.0,100.0,CORRECT,0.0124,0.67
S10,4,2,57,23.14,59.3,75.0,100.0,CORRECT,0.0116,0.62
S10,5,3,57,35.19,75.8,75.0,100.0,CORRECT,0.0116,0.62
S10,6,4,57,-19.91,34.1,0.0,0.0,INCORRECT,0.0116,0.62
S10,7,5,57,10.19,46.2,50.0,50.0,INCORRECT,0.0118,0.63
S10,8,6,57,44.5,85.7,100.0,100.0,CORRECT,0.0121,0.65
S10,9,7,57,60.88,78.0,75.0,100.0,CORRECT,0.0117,0.63
S10,10,8,57,13.57,50.5,75.0,100.0,CORRECT,0.0115,0.62
S10,11,9,57,-1.06,41.8,50.0,50.0,INCORRECT,0.0126,0.68
S10,12,10,57,47.2,80.2,75.0,100.0,CORRECT,0.0117,0.63
S10,13,11,57,28.66,67.0,75.0,50.0,CORRECT,0.0115,0.62
S10,14,12,57,30.42,70.3,50.0,50.0,CORRECT,0.0115,0.62
S10,15,13,57,27.68,62.6,75.0,100.0,CORRECT,0.0116,0.63
S10,16,14,57,15.75,67.0,75.0,100.0,CORRECT,0.0116,0.62
S10,17,15,57,72.29,81.3,75.0,100.0,CORRECT,0.0114,0.61
S10,18,16,57,45.47,71.4,100.0,100.0,CORRECT,0.0118,0.63
S10,19,17,57,36.17,73.6,75.0,100.0,CORRECT,0.0122,0.66
S10,20,18,57,53.62,81.3,100.0,100.0,CORRECT,0.0122,0.66
S10,21,19,57,13.12,48.4,75.0,50.0,INCORRECT,0.012,0.65
S10,22,20,57,33.37,64.8,50.0,100.0,CORRECT,0.0115,0.62
S10,23,21,57,71.67,78.0,100.0,100.0,CORRECT,0.0114,0.61
S10,24,22,57,44.33,64.8,75.0,50.0,CORRECT,0.0117,0.63
S10,25,23,57,-4.26,42.9,25.0,50.0,INCORRECT,0.0116,0.62
S10,26,24,57,-22.31,31.9,25.0,50.0,INCORRECT,0.0114,0.61
S10,27,25,57,0.79,50.5,50.0,50.0,CORRECT,0.0118,0.63
S10,28,26,57,18.27,60.4,75.0,100.0,CORRECT,0.0119,0.64
S10,29,27,57,21.97,64.8,75.0,100.0,CORRECT,0.0117,0.63
S10,30,28,57,-3.87,49.5,50.0,50.0,INCORRECT,0.0116,0.62
S10,31,29,57,41.05,82.4,100.0,100.0,CORRECT,0.0117,0.63
S10,32,30,57,47.05,75.8,100.0,100.0,CORRECT,0.0117,0.63
S10,33,31,57,25.0,63.7,100.0,100.0,CORRECT,0.0117,0.63
S10,34,32,57,54.67,85.7,100.0,100.0,CORRECT,0.0118,0.63
S10,35,33,57,-7.09,48.4,25.0,0.0,INCORRECT,0.0123,0.66
S10,36,34,57,-0.28,48.4,50.0,50.0,INCORRECT,0.0117,0.63
S10,37,35,57,-5.78,48.4,75.0,100.0,INCORRECT,0.0115,0.62
S10,38,36,57,-16.53,35.2,50.0,50.0,INCORRECT,0.0115,0.62
S10,39,37,57,-0.3,46.2,50.0,50.0,INCORRECT,0.0115,0.62
S10,40,38,57,13.56,65.9,75.0,50.0,CORRECT,0.0119,0.64
S10,41,39,57,61.51,87.9,100.0,100.0,CORRECT,0.0115,0.62
S10,42,40,57,46.32,75.8,100.0,100.0,CORRECT,0.0116,0.62
S10,43,41,57,18.31,56.0,75.0,100.0,CORRECT,0.0114,0.61
S10,44,42,57,50.08,76.9,75.0,100.0,CORRECT,0.0116,0.63
S10,45,43,57,12.32,65.9,75.0,50.0,CORRECT,0.0117,0.63
S10,46,44,57,68.35,89.0,100.0,100.0,CORRECT,0.0117,0.63
S10,47,45,57,28.48,69.2,100.0,100.0,CORRECT,0.012,0.64
S10,48,46,57,17.98,50.5,50.0,50.0,CORRECT,0.0117,0.63
S10,49,47,57,68.45,92.3,100.0,100.0,CORRECT,0.0119,0.64
S10,50,48,57,43.2,84.6,100.0,100.0,CORRECT,0.0121,0.65
S10,51,49,57,-5.84,42.9,25.0,0.0,INCORRECT,0.0126,0.68
S10,52,50,57,2.49,39.6,50.0,50.0,INCORRECT,0.0117,0.63
S10,53,51,57,-4.52,47.3,25.0,50.0,INCORRECT,0.0118,0.63
S10,54,52,57,4.19,51.6,50.0,50.0,CORRECT,0.0118,0.64
S10,55,53,57,23.03,70.3,75.0,100.0,CORRECT,0.0117,0.63
S10,56,54,57,5.13,51.6,50.0,50.0,CORRECT,0.0119,0.64
S10,57,55,57,28.83,64.8,75.0,100.0,CORRECT,0.0115,0.62
S10,58,56,57,47.4,79.1,100.0,100.0,CORRECT,0.0113,0.61
S10,59,57,57,17.96,54.9,75.0,100.0,CORRECT,0.0113,0.61
S11,3,1,57,0.74,53.8,50.0,50.0,CORRECT,0.0118,0.64
S11,4,2,57,-10.05,45.1,75.0,50.0,INCORRECT,0.0117,0.63
S11,5,3,57,18.74,61.5,75.0,50.0,CORRECT,0.0115,0.62
S11,6,4,57,10.25,59.3,50.0,50.0,CORRECT,0.0117,0.63
S11,7,5,57,-10.38,44.0,25.0,0.0,INCORRECT,0.0118,0.63
S11,8,6,57,15.85,62.6,75.0,100.0,CORRECT,0.0117,0.63
S11,9,7,57,-9.97,30.8,0.0,0.0,INCORRECT,0.0119,0.64
S11,10,8,57,12.18,58.2,50.0,100.0,CORRECT,0.0115,0.62
S11,11,9,57,4.23,50.5,25.0,50.0,CORRECT,0.0118,0.64
S11,12,10,57,-2.31,54.9,75.0,50.0,CORRECT,0.0117,0.63
S11,13,11,57,7.13,68.1,50.0,100.0,CORRECT,0.0118,0.63
S11,14,12,57,-5.56,46.2,50.0,0.0,INCORRECT,0.0126,0.68
S11,15,13,57,16.62,59.3,100.0,100.0,CORRECT,0.0116,0.62
S11,16,14,57,-11.8,33.0,25.0,0.0,INCORRECT,0.0115,0.62
S11,17,15,57,9.19,59.3,75.0,50.0,CORRECT,0.0118,0.63
S11,18,16,57,18.68,68.1,75.0,50.0,CORRECT,0.0117,0.63
S11,19,17,57,-4.54,54.9,75.0,50.0,CORRECT,0.0114,0.62
S11,20,18,57,15.4,63.7,75.0,100.0,CORRECT,0.0115,0.62
S11,21,19,57,-16.2,42.9,50.0,50.0,INCORRECT,0.0114,0.61
S11,22,20,57,43.27,87.9,100.0,100.0,CORRECT,0.0114,0.61
S11,23,21,57,10.79,63.7,25.0,50.0,CORRECT,0.0114,0.61
S11,24,22,57,-0.89,52.7,50.0,50.0,CORRECT,0.0112,0.6
S11,25,23,57,-7.37,36.3,25.0,0.0,INCORRECT,0.0118,0.63
S11,26,24,57,11.73,68.1,75.0,100.0,CORRECT,0.0116,0.62
S11,27,25,57,-7.44,37.4,25.0,50.0,INCORRECT,0.0113,0.61
S11,28,26,57,-7.7,41.8,75.0,50.0,INCORRECT,0.0115,0.62
S11,29,27,57,17.74,67.0,75.0,100.0,CORRECT,0.0114,0.61
S11,30,28,57,23.5,72.5,75.0,100.0,CORRECT,0.012,0.65
S11,31,29,57,16.55,62.6,75.0,100.0,CORRECT,0.0118,0.64
S11,32,30,57,25.45,56.0,100.0,100.0,CORRECT,0.0115,0.62
S11,33,31,57,-10.54,46.2,50.0,50.0,INCORRECT,0.0113,0.61
S11,34,32,57,49.69,65.9,75.0,100.0,CORRECT,0.0115,0.62
S11,35,33,57,2.17,51.6,50.0,0.0,CORRECT,0.0118,0.64
S11,36,34,57,16.83,63.7,100.0,100.0,CORRECT,0.0117,0.63
S11,37,35,57,53.17,85.7,100.0,100.0,CORRECT,0.0118,0.63
S11,38,36,57,33.55,76.9,75.0,100.0,CORRECT,0.0116,0.62
S11,39,37,57,-51.09,18.7,0.0,0.0,INCORRECT,0.0115,0.62
S11,40,38,57,12.7,61.5,50.0,50.0,CORRECT,0.0116,0.63
S11,41,39,57,20.69,61.5,50.0,100.0,CORRECT,0.0114,0.61
S11,42,40,57,39.18,78.0,100.0,100.0,CORRECT,0.0115,0.62
S11,43,41,57,34.75,75.8,100.0,100.0,CORRECT,0.0125,0.67
S11,44,42,57,20.18,61.5,75.0,50.0,CORRECT,0.0118,0.63
S11,45,43,57,-0.25,42.9,25.0,0.0,INCORRECT,0.0113,0.61
S11,46,44,57,9.54,58.2,50.0,100.0,CORRECT,0.0122,0.65
S11,47,45,57,5.7,56.0,75.0,50.0,CORRECT,0.0118,0.63
S11,48,46,57,-4.24,50.5,50.0,50.0,CORRECT,0.0117,0.63
S11,49,47,57,7.18,57.1,50.0,50.0,CORRECT,0.0112,0.6
S11,50,48,57,8.01,50.5,75.0,50.0,CORRECT,0.0113,0.61
S11,51,49,57,-12.05,42.9,0.0,0.0,INCORRECT,0.0115,0.62
S11,52,50,57,35.62,84.6,100.0,100.0,CORRECT,0.0113,0.61
S11,53,51,57,21.58,67.0,75.0,100.0,CORRECT,0.0115,0.62
S11,54,52,57,14.07,54.9,50.0,50.0,CORRECT,0.0113,0.61
S11,55,53,57,12.52,59.3,75.0,50.0,CORRECT,0.0111,0.6
S11,56,54,57,58.43,73.6,100.0,100.0,CORRECT,0.0119,0.64
S11,57,55,57,3.4,42.9,25.0,50.0,INCORRECT,0.0114,0.61
S11,58,56,57,14.66,57.1,50.0,100.0,CORRECT,0.0115,0.62
S11,59,57,57,13.54,56.0,75.0,50.0,CORRECT,0.0113,0.6
S12,3,1,57,58.7,71.4,100.0,100.0,CORRECT,0.0117,0.63
S12,4,2,57,18.6,63.7,50.0,50.0,CORRECT,0.0114,0.61
S12,5,3,57,9.25,50.5,75.0,50.0,CORRECT,0.0115,0.62
S12,6,4,57,35.52,70.3,100.0,100.0,CORRECT,0.0117,0.63
S12,7,5,57,61.22,84.6,100.0,100.0,CORRECT,0.0115,0.62
S12,8,6,57,20.13,49.5,50.0,100.0,INCORRECT,0.0115,0.62
S12,9,7,57,26.46,73.6,100.0,100.0,CORRECT,0.0114,0.61
S12,10,8,57,63.35,87.9,75.0,100.0,CORRECT,0.0116,0.62
S12,11,9,57,36.91,69.2,75.0,100.0,CORRECT,0.012,0.65
S12,12,10,57,9.33,59.3,75.0,100.0,CORRECT,0.0117,0.63
S12,13,11,57,33.1,68.1,75.0,50.0,CORRECT,0.0117,0.63
S12,14,12,57,-26.61,35.2,25.0,50.0,INCORRECT,0.0112,0.6
S12,15,13,57,34.33,76.9,100.0,100.0,CORRECT,0.0115,0.62
S12,16,14,57,5.87,54.9,75.0,50.0,CORRECT,0.0117,0.63
S12,17,15,57,13.07,53.8,75.0,50.0,CORRECT,0.0115,0.62
S12,18,16,57,8.91,58.2,75.0,100.0,CORRECT,0.0111,0.6
S12,19,17,57,20.56,59.3,75.0,50.0,CORRECT,0.0111,0.6
S12,20,18,57,49.32,72.5,75.0,50.0,CORRECT,0.0112,0.6
S12,21,19,57,60.7,87.9,100.0,100.0,CORRECT,0.012,0.64
S12,22,20,57,24.53,63.7,75.0,100.0,CORRECT,0.0114,0.61
S12,23,21,57,36.97,75.8,75.0,100.0,CORRECT,0.0112,0.6
S12,24,22,57,21.74,60.4,50.0,100.0,CORRECT,0.0111,0.6
S12,25,23,57,45.76,80.2,100.0,100.0,CORRECT,0.0112,0.6
S12,26,24,57,55.99,82.4,100.0,100.0,CORRECT,0.0113,0.61
S12,27,25,57,0.11,51.6,50.0,50.0,CORRECT,0.0113,0.61
S12,28,26,57,28.55,67.0,75.0,100.0,CORRECT,0.0119,0.64
S12,29,27,57,4.4,48.4,75.0,50.0,INCORRECT,0.0114,0.61
S12,30,28,57,17.96,63.7,75.0,100.0,CORRECT,0.0112,0.6
S12,31,29,57,27.93,68.1,100.0,100.0,CORRECT,0.0116,0.62
S12,32,30,57,50.67,71.4,100.0,100.0,CORRECT,0.0114,0.61
S12,33,31,57,59.97,93.4,100.0,100.0,CORRECT,0.0113,0.61
S12,34,32,57,51.16,68.1,75.0,100.0,CORRECT,0.011,0.59
S12,35,33,57,23.36,61.5,50.0,50.0,CORRECT,0.0116,0.62
S12,36,34,57,20.25,59.3,50.0,50.0,CORRECT,0.0113,0.61
S12,37,35,57,29.72,76.9,100.0,100.0,CORRECT,0.0114,0.61
S12,38,36,57,67.04,86.8,100.0,100.0,CORRECT,0.0118,0.64
S12,39,37,57,32.7,72.5,100.0,100.0,CORRECT,0.0112,0.6
S12,40,38,57,19.6,67.0,100.0,100.0,CORRECT,0.011,0.59
S12,41,39,57,24.36,67.0,50.0,50.0,CORRECT,0.0111,0.6
S12,42,40,57,26.82,60.4,50.0,100.0,CORRECT,0.011,0.59
S12,43,41,57,-12.64,40.7,25.0,0.0,INCORRECT,0.0114,0.61
S12,44,42,57,44.29,79.1,100.0,100.0,CORRECT,0.0117,0.63
S12,45,43,57,42.21,89.0,100.0,100.0,CORRECT,0.011,0.59
S12,46,44,57,39.3,78.0,75.0,100.0,CORRECT,0.0111,0.59
S12,47,45,57,36.55,73.6,100.0,100.0,CORRECT,0.0108,0.58
S12,48,46,57,19.78,62.6,75.0,100.0,CORRECT,0.011,0.59
S12,49,47,57,28.21,69.2,75.0,100.0,CORRECT,0.011,0.59
S12,50,48,57,15.5,63.7,75.0,50.0,CORRECT,0.011,0.59
S12,51,49,57,-5.41,46.2,25.0,50.0,INCORRECT,0.011,0.59
S12,52,50,57,-1.84,49.5,50.0,50.0,INCORRECT,0.0108,0.58
S12,53,51,57,29.96,58.2,75.0,50.0,CORRECT,0.0109,0.59
S12,54,52,57,47.85,86.8,100.0,100.0,CORRECT,0.0108,0.58
S12,55,53,57,36.55,79.1,75.0,100.0,CORRECT,0.0111,0.6
S12,56,54,57,18.41,63.7,100.0,100.0,CORRECT,0.0111,0.6
S12,57,55,57,33.15,68.1,100.0,100.0,CORRECT,0.0112,0.6
S12,58,56,57,-13.19,36.3,50.0,0.0,INCORRECT,0.0113,0.61
S12,59,57,57,14.37,68.1,75.0,50.0,CORRECT,0.0112,0.6
S13,3,1,57,60.28,76.9,75.0,100.0,CORRECT,0.0111,0.6
S13,4,2,57,29.32,68.1,100.0,100.0,CORRECT,0.0112,0.6
S13,5,3,57,15.15,63.7,100.0,100.0,CORRECT,0.0114,0.61
S13,6,4,57,59.0,75.8,100.0,100.0,CORRECT,0.0117,0.63
S13,7,5,57,46.73,70.3,75.0,100.0,CORRECT,0.0111,0.6
S13,8,6,57,28.57,64.8,100.0,100.0,CORRECT,0.0111,0.6
S13,9,7,57,43.59,68.1,100.0,100.0,CORRECT,0.0117,0.63
S13,10,8,57,20.85,56.0,75.0,100.0,CORRECT,0.0112,0.61
S13,11,9,57,80.09,86.8,100.0,100.0,CORRECT,0.0109,0.59
S13,12,10,57,23.39,67.0,75.0,50.0,CORRECT,0.0112,0.6
S13,13,11,57,26.49,65.9,100.0,100.0,CORRECT,0.0117,0.63
S13,14,12,57,15.46,58.2,75.0,50.0,CORRECT,0.011,0.59
S13,15,13,57,48.19,74.7,75.0,100.0,CORRECT,0.0112,0.6
S13,16,14,57,8.2,59.3,50.0,50.0,CORRECT,0.011,0.59
S13,17,15,57,68.77,87.9,100.0,100.0,CORRECT,0.0109,0.59
S13,18,16,57,57.16,81.3,75.0,100.0,CORRECT,0.0111,0.6
S13,19,17,57,49.41,71.4,100.0,100.0,CORRECT,0.0113,0.61
S13,20,18,57,32.58,69.2,75.0,50.0,CORRECT,0.0112,0.6
S13,21,19,57,12.64,51.6,25.0,50.0,CORRECT,0.0115,0.62
S13,22,20,57,12.88,51.6,50.0,50.0,CORRECT,0.0114,0.61
S13,23,21,57,19.53,60.4,75.0,50.0,CORRECT,0.0114,0.61
S13,24,22,57,64.95,73.6,75.0,100.0,CORRECT,0.0114,0.61
S13,25,23,57,73.62,90.1,100.0,100.0,CORRECT,0.0111,0.6
S13,26,24,57,50.88,74.7,100.0,100.0,CORRECT,0.0111,0.6
S13,27,25,57,41.62,74.7,100.0,100.0,CORRECT,0.0112,0.6
S13,28,26,57,56.49,82.4,100.0,100.0,CORRECT,0.011,0.59
S13,29,27,57,42.52,89.0,100.0,100.0,CORRECT,0.0122,0.66
S13,30,28,57,13.49,58.2,75.0,50.0,CORRECT,0.0109,0.59
S13,31,29,57,43.68,75.8,75.0,50.0,CORRECT,0.0113,0.61
S13,32,30,57,-5.56,49.5,50.0,50.0,INCORRECT,0.0113,0.61
S13,33,31,57,49.75,89.0,100.0,100.0,CORRECT,0.0114,0.61
S13,34,32,57,44.33,59.3,50.0,100.0,CORRECT,0.0112,0.6
S13,35,33,57,58.71,84.6,100.0,100.0,CORRECT,0.0115,0.62
S13,36,34,57,-18.67,34.1,25.0,50.0,INCORRECT,0.0114,0.61
S13,37,35,57,25.34,73.6,75.0,100.0,CORRECT,0.0113,0.61
S13,38,36,57,19.81,54.9,75.0,100.0,CORRECT,0.0114,0.61
S13,39,37,57,6.76,52.7,75.0,100.0,CORRECT,0.0113,0.61
S13,40,38,57,22.48,60.4,75.0,100.0,CORRECT,0.0111,0.59
S13,41,39,57,10.89,57.1,75.0,100.0,CORRECT,0.0114,0.61
S13,42,40,57,57.26,71.4,100.0,100.0,CORRECT,0.0112,0.6
S13,43,41,57,26.12,70.3,100.0,100.0,CORRECT,0.0111,0.6
S13,44,42,57,20.14,62.6,75.0,100.0,CORRECT,0.011,0.59
S13,45,43,57,59.13,78.0,100.0,100.0,CORRECT,0.0111,0.6
S13,46,44,57,30.01,72.5,100.0,100.0,CORRECT,0.0118,0.63
S13,47,45,57,76.95,78.0,100.0,100.0,CORRECT,0.0117,0.63
S13,48,46,57,24.71,67.0,75.0,100.0,CORRECT,0.0116,0.63
S13,49,47,57,44.24,79.1,100.0,100.0,CORRECT,0.0115,0.62
S13,50,48,57,68.49,83.5,100.0,100.0,CORRECT,0.0112,0.6
S13,51,49,57,42.22,72.5,100.0,100.0,CORRECT,0.0112,0.6
S13,52,50,57,21.49,67.0,75.0,100.0,CORRECT,0.0115,0.62
S13,53,51,57,40.03,72.5,75.0,100.0,CORRECT,0.0115,0.62
S13,54,52,57,31.1,74.7,100.0,100.0,CORRECT,0.0118,0.63
S13,55,53,57,44.63,78.0,100.0,100.0,CORRECT,0.0113,0.61
S13,56,54,57,39.89,65.9,75.0,100.0,CORRECT,0.0112,0.61
S13,57,55,57,65.08,86.8,100.0,100.0,CORRECT,0.0115,0.62
S13,58,56,57,0.86,47.3,50.0,50.0,INCORRECT,0.0112,0.6
S13,59,57,57,75.68,84.6,100.0,100.0,CORRECT,0.0111,0.6
S14,3,1,57,22.56,64.8,100.0,100.0,CORRECT,0.0113,0.61
S14,4,2,57,14.67,54.9,75.0,50.0,CORRECT,0.0111,0.6
S14,5,3,57,12.99,59.3,75.0,100.0,CORRECT,0.0112,0.6
S14,6,4,57,-22.44,41.8,25.0,0.0,INCORRECT,0.0115,0.62
S14,7,5,57,39.21,71.4,75.0,100.0,CORRECT,0.0113,0.61
S14,8,6,57,14.4,60.4,75.0,50.0,CORRECT,0.0113,0.61
S14,9,7,57,-24.16,36.3,25.0,0.0,INCORRECT,0.0112,0.6
S14,10,8,57,30.67,61.5,75.0,100.0,CORRECT,0.0114,0.61
S14,11,9,57,12.12,59.3,75.0,100.0,CORRECT,0.0114,0.61
S14,12,10,57,40.24,75.8,100.0,100.0,CORRECT,0.012,0.64
S14,13,11,57,-23.82,40.7,25.0,50.0,INCORRECT,0.0113,0.61
S14,14,12,57,-8.88,48.4,0.0,0.0,INCORRECT,0.0114,0.61
S14,15,13,57,-2.85,50.5,50.0,50.0,CORRECT,0.0113,0.61
S14,16,14,57,34.82,67.0,100.0,100.0,CORRECT,0.0112,0.6
S14,17,15,57,62.78,89.0,100.0,100.0,CORRECT,0.0113,0.61
S14,18,16,57,57.8,82.4,75.0,100.0,CORRECT,0.0113,0.61
S14,19,17,57,1.19,44.0,25.0,50.0,INCORRECT,0.0112,0.6
S14,20,18,57,24.7,62.6,75.0,50.0,CORRECT,0.0112,0.6
S14,21,19,57,15.7,62.6,75.0,50.0,CORRECT,0.0113,0.61
S14,22,20,57,15.95,59.3,75.0,50.0,CORRECT,0.0115,0.62
S14,23,21,57,62.56,83.5,100.0,100.0,CORRECT,0.0116,0.63
S14,24,22,57,54.34,82.4,100.0,100.0,CORRECT,0.0115,0.62
S14,25,23,57,32.72,70.3,75.0,100.0,CORRECT,0.0115,0.62
S14,26,24,57,29.7,67.0,100.0,100.0,CORRECT,0.0117,0.63
S14,27,25,57,53.01,75.8,75.0,100.0,CORRECT,0.0116,0.62
S14,28,26,57,32.94,61.5,75.0,100.0,CORRECT,0.0123,0.66
S14,29,27,57,14.09,59.3,50.0,50.0,CORRECT,0.0112,0.6
S14,30,28,57,31.42,79.1,100.0,100.0,CORRECT,0.0111,0.6
S14,31,29,57,10.48,63.7,75.0,50.0,CORRECT,0.0113,0.61
S14,32,30,57,42.84,78.0,100.0,100.0,CORRECT,0.0115,0.62
S14,33,31,57,26.87,69.2,100.0,100.0,CORRECT,0.0113,0.6
S14,34,32,57,33.69,73.6,100.0,100.0,CORRECT,0.0113,0.61
S14,35,33,57,12.1,51.6,50.0,50.0,CORRECT,0.0113,0.61
S14,36,34,57,40.29,70.3,75.0,100.0,CORRECT,0.0122,0.66
S14,37,35,57,38.25,69.2,100.0,100.0,CORRECT,0.0114,0.62
S14,38,36,57,40.44,68.1,50.0,100.0,CORRECT,0.0115,0.62
S14,39,37,57,-1.23,57.1,50.0,50.0,CORRECT,0.0116,0.62
S14,40,38,57,20.7,71.4,75.0,100.0,CORRECT,0.0113,0.61
S14,41,39,57,36.68,76.9,100.0,100.0,CORRECT,0.0114,0.61
S14,42,40,57,33.97,68.1,75.0,50.0,CORRECT,0.0114,0.61
S14,43,41,57,3.21,48.4,50.0,0.0,INCORRECT,0.0114,0.61
S14,44,42,57,55.01,85.7,100.0,100.0,CORRECT,0.0122,0.65
S14,45,43,57,16.83,61.5,50.0,50.0,CORRECT,0.0112,0.6
S14,46,44,57,5.7,53.8,50.0,50.0,CORRECT,0.0114,0.61
S14,47,45,57,40.59,68.1,100.0,100.0,CORRECT,0.0116,0.62
S14,48,46,57,24.63,73.6,75.0,100.0,CORRECT,0.0111,0.6
S14,49,47,57,27.58,68.1,75.0,50.0,CORRECT,0.0112,0.6
S14,50,48,57,21.19,64.8,75.0,100.0,CORRECT,0.0114,0.61
S14,51,49,57,68.33,89.0,100.0,100.0,CORRECT,0.0116,0.63
S14,52,50,57,43.87,87.9,100.0,100.0,CORRECT,0.0121,0.65
S14,53,51,57,63.57,73.6,100.0,100.0,CORRECT,0.0113,0.61
S14,54,52,57,56.07,84.6,100.0,100.0,CORRECT,0.0112,0.6
S14,55,53,57,15.05,64.8,75.0,50.0,CORRECT,0.0119,0.64
S14,56,54,57,70.5,79.1,100.0,100.0,CORRECT,0.0114,0.62
S14,57,55,57,21.51,59.3,75.0,50.0,CORRECT,0.0115,0.62
S14,58,56,57,15.63,58.2,100.0,100.0,CORRECT,0.0112,0.6
S14,59,57,57,35.46,81.3,100.0,100.0,CORRECT,0.0109,0.59
S15,3,1,57,60.39,72.5,75.0,100.0,CORRECT,0.0111,0.6
S15,4,2,57,45.07,73.6,100.0,100.0,CORRECT,0.0111,0.6
S15,5,3,57,51.81,82.4,75.0,100.0,CORRECT,0.0113,0.61
S15,6,4,57,20.65,64.8,75.0,100.0,CORRECT,0.0115,0.62
S15,7,5,57,44.53,69.2,75.0,50.0,CORRECT,0.0115,0.62
S15,8,6,57,32.53,70.3,75.0,100.0,CORRECT,0.0117,0.63
S15,9,7,57,15.01,63.7,75.0,50.0,CORRECT,0.0118,0.63
S15,10,8,57,65.75,84.6,100.0,100.0,CORRECT,0.0119,0.64
S15,11,9,57,54.5,79.1,100.0,100.0,CORRECT,0.0119,0.64
S15,12,10,57,48.79,82.4,75.0,100.0,CORRECT,0.0113,0.61
S15,13,11,57,30.4,64.8,75.0,100.0,CORRECT,0.0115,0.62
S15,14,12,57,60.43,79.1,100.0,100.0,CORRECT,0.0114,0.61
S15,15,13,57,82.59,94.5,100.0,100.0,CORRECT,0.0114,0.61
S15,16,14,57,38.02,72.5,100.0,100.0,CORRECT,0.0114,0.61
S15,17,15,57,69.13,89.0,100.0,100.0,CORRECT,0.0113,0.61
S15,18,16,57,61.85,95.6,100.0,100.0,CORRECT,0.012,0.64
S15,19,17,57,44.76,78.0,75.0,100.0,CORRECT,0.0119,0.64
S15,20,18,57,28.88,62.6,75.0,100.0,CORRECT,0.0115,0.62
S15,21,19,57,59.63,75.8,100.0,100.0,CORRECT,0.0115,0.62
S15,22,20,57,38.99,78.0,75.0,100.0,CORRECT,0.0115,0.62
S15,23,21,57,55.05,80.2,100.0,100.0,CORRECT,0.0116,0.62
S15,24,22,57,45.55,57.1,75.0,100.0,CORRECT,0.0114,0.61
S15,25,23,57,51.61,94.5,100.0,100.0,CORRECT,0.0114,0.61
S15,26,24,57,42.41,63.7,75.0,100.0,CORRECT,0.0115,0.62
S15,27,25,57,50.83,80.2,75.0,100.0,CORRECT,0.0121,0.65
S15,28,26,57,64.32,87.9,100.0,100.0,CORRECT,0.0112,0.6
S15,29,27,57,50.6,75.8,75.0,100.0,CORRECT,0.0113,0.61
S15,30,28,57,82.51,94.5,100.0,100.0,CORRECT,0.0112,0.6
S15,31,29,57,15.53,64.8,75.0,50.0,CORRECT,0.0112,0.6
S15,32,30,57,82.59,91.2,100.0,100.0,CORRECT,0.0111,0.59
S15,33,31,57,14.07,58.2,50.0,100.0,CORRECT,0.011,0.59
S15,34,32,57,81.63,98.9,100.0,100.0,CORRECT,0.0112,0.6
S15,35,33,57,77.82,89.0,100.0,100.0,CORRECT,0.0113,0.61
S15,36,34,57,68.94,83.5,100.0,100.0,CORRECT,0.0113,0.61
S15,37,35,57,79.18,91.2,100.0,100.0,CORRECT,0.0112,0.6
S15,38,36,57,63.41,90.1,100.0,100.0,CORRECT,0.0114,0.61
S15,39,37,57,29.37,73.6,75.0,100.0,CORRECT,0.0111,0.6
S15,40,38,57,46.91,73.6,100.0,100.0,CORRECT,0.011,0.59
S15,41,39,57,58.99,85.7,100.0,100.0,CORRECT,0.011,0.59
S15,42,40,57,3.65,49.5,50.0,50.0,INCORRECT,0.0117,0.63
S15,43,41,57,49.33,83.5,100.0,100.0,CORRECT,0.012,0.65
S15,44,42,57,64.86,95.6,100.0,100.0,CORRECT,0.0116,0.62
S15,45,43,57,33.32,65.9,75.0,50.0,CORRECT,0.0117,0.63
S15,46,44,57,79.35,87.9,100.0,100.0,CORRECT,0.0115,0.62
S15,47,45,57,61.03,74.7,100.0,100.0,CORRECT,0.0114,0.61
S15,48,46,57,55.14,82.4,75.0,100.0,CORRECT,0.0113,0.61
S15,49,47,57,32.62,71.4,75.0,100.0,CORRECT,0.0112,0.6
S15,50,48,57,62.26,84.6,100.0,100.0,CORRECT,0.0111,0.6
S15,51,49,57,70.21,93.4,100.0,100.0,CORRECT,0.0112,0.6
S15,52,50,57,24.15,71.4,75.0,50.0,CORRECT,0.0115,0.62
S15,53,51,57,29.3,52.7,50.0,50.0,CORRECT,0.0111,0.6
S15,54,52,57,66.25,85.7,100.0,100.0,CORRECT,0.0112,0.6
S15,55,53,57,35.55,78.0,75.0,50.0,CORRECT,0.0115,0.62
S15,56,54,57,40.61,78.0,75.0,100.0,CORRECT,0.0112,0.6
S15,57,55,57,58.29,86.8,100.0,100.0,CORRECT,0.0111,0.6
S15,58,56,57,45.57,80.2,100.0,100.0,CORRECT,0.0121,0.65
S15,59,57,57,67.51,86.8,100.0,100.0,CORRECT,0.0113,0.61
S16,3,1,57,-31.95,31.9,0.0,0.0,INCORRECT,0.0115,0.62
S16,4,2,57,-5.48,41.8,25.0,50.0,INCORRECT,0.0114,0.61
S16,5,3,57,-11.42,35.2,25.0,50.0,INCORRECT,0.0116,0.62
S16,6,4,57,25.71,63.7,75.0,100.0,CORRECT,0.0117,0.63
S16,7,5,57,16.14,56.0,75.0,100.0,CORRECT,0.0116,0.63
S16,8,6,57,18.76,65.9,75.0,100.0,CORRECT,0.0112,0.6
S16,9,7,57,20.86,65.9,75.0,50.0,CORRECT,0.0113,0.61
S16,10,8,57,10.9,58.2,50.0,100.0,CORRECT,0.012,0.64
S16,11,9,57,63.1,84.6,100.0,100.0,CORRECT,0.0116,0.62
S16,12,10,57,31.35,71.4,50.0,100.0,CORRECT,0.0114,0.61
S16,13,11,57,-4.45,54.9,50.0,0.0,CORRECT,0.0115,0.62
S16,14,12,57,-2.39,47.3,50.0,50.0,INCORRECT,0.0113,0.61
S16,15,13,57,33.0,71.4,75.0,100.0,CORRECT,0.0114,0.61
S16,16,14,57,-2.1,52.7,75.0,50.0,CORRECT,0.0117,0.63
S16,17,15,57,8.07,58.2,25.0,50.0,CORRECT,0.0123,0.66
S16,18,16,57,27.2,71.4,75.0,100.0,CORRECT,0.0117,0.63
S16,19,17,57,8.53,42.9,0.0,0.0,INCORRECT,0.0119,0.64
S16,20,18,57,12.26,50.5,50.0,50.0,CORRECT,0.0115,0.62
S16,21,19,57,-35.69,22.0,0.0,0.0,INCORRECT,0.0115,0.62
S16,22,20,57,0.86,40.7,25.0,0.0,INCORRECT,0.0114,0.61
S16,23,21,57,41.8,82.4,100.0,100.0,CORRECT,0.0113,0.61
S16,24,22,57,2.02,58.2,75.0,50.0,CORRECT,0.0115,0.62
S16,25,23,57,41.64,73.6,75.0,100.0,CORRECT,0.0114,0.61
S16,26,24,57,10.95,59.3,50.0,100.0,CORRECT,0.012,0.65
S16,27,25,57,34.59,64.8,50.0,100.0,CORRECT,0.012,0.64
S16,28,26,57,28.59,63.7,75.0,100.0,CORRECT,0.0114,0.61
S16,29,27,57,39.81,68.1,75.0,100.0,CORRECT,0.0115,0.62
S16,30,28,57,58.74,92.3,100.0,100.0,CORRECT,0.0115,0.62
S16,31,29,57,46.36,81.3,100.0,100.0,CORRECT,0.0116,0.62
S16,32,30,57,-13.24,41.8,25.0,0.0,INCORRECT,0.0114,0.61
S16,33,31,57,27.71,67.0,75.0,100.0,CORRECT,0.0111,0.6
S16,34,32,57,65.67,85.7,100.0,100.0,CORRECT,0.0112,0.6
S16,35,33,57,35.43,74.7,75.0,50.0,CORRECT,0.0114,0.61
S16,36,34,57,9.72,52.7,75.0,100.0,CORRECT,0.0115,0.62
S16,37,35,57,41.4,65.9,75.0,100.0,CORRECT,0.0114,0.61
S16,38,36,57,-23.48,38.5,25.0,50.0,INCORRECT,0.0113,0.61
S16,39,37,57,29.06,68.1,100.0,100.0,CORRECT,0.0113,0.61
S16,40,38,57,23.02,58.2,75.0,100.0,CORRECT,0.0113,0.61
S16,41,39,57,31.35,69.2,75.0,100.0,CORRECT,0.0111,0.6
S16,42,40,57,20.49,65.9,75.0,100.0,CORRECT,0.0122,0.65
S16,43,41,57,-8.49,47.3,25.0,0.0,INCORRECT,0.011,0.59
S16,44,42,57,-4.27,46.2,25.0,50.0,INCORRECT,0.012,0.65
S16,45,43,57,52.56,83.5,100.0,100.0,CORRECT,0.0113,0.61
S16,46,44,57,51.31,75.8,75.0,100.0,CORRECT,0.0109,0.58
S16,47,45,57,2.61,46.2,50.0,50.0,INCORRECT,0.0115,0.62
S16,48,46,57,11.63,61.5,75.0,50.0,CORRECT,0.0113,0.61
S16,49,47,57,3.26,47.3,75.0,50.0,INCORRECT,0.0115,0.62
S16,50,48,57,18.95,61.5,75.0,100.0,CORRECT,0.0112,0.6
S16,51,49,57,30.08,67.0,100.0,100.0,CORRECT,0.011,0.59
S16,52,50,57,6.8,54.9,75.0,50.0,CORRECT,0.0116,0.62
S16,53,51,57,6.01,53.8,50.0,50.0,CORRECT,0.0114,0.61
S16,54,52,57,38.78,78.0,75.0,100.0,CORRECT,0.0115,0.62
S16,55,53,57,57.03,78.0,75.0,100.0,CORRECT,0.0115,0.62
S16,56,54,57,14.45,60.4,50.0,100.0,CORRECT,0.011,0.59
S16,57,55,57,31.96,74.7,75.0,100.0,CORRECT,0.0112,0.6
S16,58,56,57,11.89,54.9,75.0,100.0,CORRECT,0.0116,0.62
S16,59,57,57,19.97,51.6,50.0,50.0,CORRECT,0.012,0.64
S17,3,1,57,44.04,81.3,100.0,100.0,CORRECT,0.0113,0.61
S17,4,2,57,15.84,60.4,50.0,50.0,CORRECT,0.0117,0.63
S17,5,3,57,31.51,75.8,100.0,100.0,CORRECT,0.0117,0.63
S17,6,4,57,5.71,46.2,50.0,100.0,INCORRECT,0.0117,0.63
S17,7,5,57,25.4,68.1,50.0,50.0,CORRECT,0.0113,0.61
S17,8,6,57,20.72,61.5,75.0,100.0,CORRECT,0.0112,0.6
S17,9,7,57,10.52,52.7,75.0,100.0,CORRECT,0.0121,0.65
S17,10,8,57,29.16,72.5,75.0,100.0,CORRECT,0.0111,0.6
S17,11,9,57,6.15,61.5,75.0,50.0,CORRECT,0.0113,0.61
S17,12,10,57,21.37,61.5,75.0,100.0,CORRECT,0.0112,0.6
S17,13,11,57,1.48,47.3,25.0,50.0,INCORRECT,0.011,0.59
S17,14,12,57,24.67,72.5,100.0,100.0,CORRECT,0.0117,0.63
S17,15,13,57,-3.49,47.3,50.0,50.0,INCORRECT,0.0111,0.6
S17,16,14,57,24.83,63.7,50.0,100.0,CORRECT,0.0111,0.6
S17,17,15,57,-12.56,34.1,25.0,50.0,INCORRECT,0.0114,0.61
S17,18,16,57,-5.85,46.2,50.0,0.0,INCORRECT,0.011,0.59
S17,19,17,57,17.9,62.6,75.0,100.0,CORRECT,0.0109,0.58
S17,20,18,57,35.04,80.2,100.0,100.0,CORRECT,0.0113,0.61
S17,21,19,57,-1.99,48.4,50.0,50.0,INCORRECT,0.0109,0.59
S17,22,20,57,19.42,69.2,100.0,100.0,CORRECT,0.0114,0.62
S17,23,21,57,-22.02,30.8,25.0,50.0,INCORRECT,0.0114,0.61
S17,24,22,57,6.77,56.0,50.0,50.0,CORRECT,0.0114,0.62
S17,25,23,57,35.8,72.5,75.0,100.0,CORRECT,0.0118,0.63
S17,26,24,57,25.37,68.1,100.0,100.0,CORRECT,0.0125,0.67
S17,27,25,57,-13.5,47.3,25.0,50.0,INCORRECT,0.0118,0.63
S17,28,26,57,19.94,56.0,50.0,100.0,CORRECT,0.0117,0.63
S17,29,27,57,12.94,63.7,50.0,50.0,CORRECT,0.0114,0.61
S17,30,28,57,30.31,69.2,100.0,100.0,CORRECT,0.0115,0.62
S17,31,29,57,66.62,81.3,100.0,100.0,CORRECT,0.0112,0.6
S17,32,30,57,1.06,54.9,75.0,100.0,CORRECT,0.0111,0.6
S17,33,31,57,48.41,78.0,100.0,100.0,CORRECT,0.0109,0.59
S17,34,32,57,31.62,73.6,75.0,100.0,CORRECT,0.0111,0.6
S17,35,33,57,51.93,80.2,100.0,100.0,CORRECT,0.0112,0.6
S17,36,34,57,38.85,70.3,100.0,100.0,CORRECT,0.0117,0.63
S17,37,35,57,35.1,68.1,50.0,50.0,CORRECT,0.0116,0.62
S17,38,36,57,9.3,56.0,25.0,50.0,CORRECT,0.0113,0.61
S17,39,37,57,44.9,89.0,100.0,100.0,CORRECT,0.0112,0.6
S17,40,38,57,37.67,71.4,100.0,100.0,CORRECT,0.011,0.59
S17,41,39,57,-8.11,46.2,75.0,50.0,INCORRECT,0.0111,0.6
S17,42,40,57,47.89,81.3,100.0,100.0,CORRECT,0.0119,0.64
S17,43,41,57,36.39,73.6,100.0,100.0,CORRECT,0.0112,0.6
S17,44,42,57,1.67,52.7,50.0,0.0,CORRECT,0.0114,0.61
S17,45,43,57,14.88,60.4,50.0,100.0,CORRECT,0.0112,0.6
S17,46,44,57,49.16,74.7,100.0,100.0,CORRECT,0.0113,0.61
S17,47,45,57,44.69,65.9,75.0,100.0,CORRECT,0.0116,0.62
S17,48,46,57,45.64,69.2,100.0,100.0,CORRECT,0.0114,0.61
S17,49,47,57,44.07,83.5,100.0,100.0,CORRECT,0.0114,0.61
S17,50,48,57,74.48,83.5,100.0,100.0,CORRECT,0.0111,0.6
S17,51,49,57,-0.66,44.0,25.0,50.0,INCORRECT,0.0111,0.59
S17,52,50,57,3.35,54.9,75.0,50.0,CORRECT,0.0111,0.6
S17,53,51,57,32.4,73.6,75.0,100.0,CORRECT,0.0113,0.61
S17,54,52,57,19.84,65.9,100.0,100.0,CORRECT,0.0112,0.6
S17,55,53,57,55.14,81.3,100.0,100.0,CORRECT,0.0112,0.6
S17,56,54,57,20.15,59.3,75.0,100.0,CORRECT,0.0113,0.6
S17,57,55,57,47.09,84.6,100.0,100.0,CORRECT,0.0111,0.6
S17,58,56,57,24.79,59.3,50.0,50.0,CORRECT,0.0113,0.61
S17,59,57,57,24.31,68.1,75.0,50.0,CORRECT,0.0118,0.63
S18,3,1,57,20.67,53.8,75.0,50.0,CORRECT,0.0113,0.61
S18,4,2,57,15.86,65.9,75.0,50.0,CORRECT,0.0113,0.6
S18,5,3,57,52.31,72.5,100.0,100.0,CORRECT,0.0112,0.6
S18,6,4,57,34.57,75.8,75.0,50.0,CORRECT,0.0114,0.61
S18,7,5,57,43.16,89.0,100.0,100.0,CORRECT,0.0113,0.61
S18,8,6,57,49.98,81.3,75.0,100.0,CORRECT,0.0114,0.61
S18,9,7,57,44.55,79.1,100.0,100.0,CORRECT,0.012,0.64
S18,10,8,57,29.99,71.4,75.0,100.0,CORRECT,0.0112,0.6
S18,11,9,57,-2.56,40.7,25.0,50.0,INCORRECT,0.0113,0.61
S18,12,10,57,37.31,79.1,100.0,100.0,CORRECT,0.0112,0.6
S18,13,11,57,37.59,80.2,75.0,100.0,CORRECT,0.0113,0.61
S18,14,12,57,11.58,56.0,50.0,50.0,CORRECT,0.0112,0.6
S18,15,13,57,22.02,63.7,75.0,50.0,CORRECT,0.0113,0.61
S18,16,14,57,51.32,83.5,100.0,100.0,CORRECT,0.0114,0.61
S18,17,15,57,11.7,49.5,50.0,50.0,INCORRECT,0.0118,0.64
S18,18,16,57,32.92,57.1,75.0,100.0,CORRECT,0.0113,0.61
S18,19,17,57,37.95,78.0,100.0,100.0,CORRECT,0.0118,0.64
S18,20,18,57,-7.18,51.6,25.0,0.0,CORRECT,0.0117,0.63
S18,21,19,57,59.96,78.0,75.0,100.0,CORRECT,0.0123,0.66
S18,22,20,57,30.85,62.6,75.0,100.0,CORRECT,0.0113,0.61
S18,23,21,57,49.94,78.0,100.0,100.0,CORRECT,0.0114,0.61
S18,24,22,57,36.38,72.5,100.0,100.0,CORRECT,0.0113,0.61
S18,25,23,57,11.52,59.3,50.0,50.0,CORRECT,0.012,0.64
S18,26,24,57,10.51,51.6,50.0,50.0,CORRECT,0.0117,0.63
S18,27,25,57,53.09,84.6,75.0,100.0,CORRECT,0.0113,0.61
S18,28,26,57,23.33,57.1,100.0,100.0,CORRECT,0.0112,0.6
S18,29,27,57,42.25,72.5,100.0,100.0,CORRECT,0.0111,0.6
S18,30,28,57,13.16,61.5,75.0,100.0,CORRECT,0.0114,0.61
S18,31,29,57,23.76,78.0,100.0,100.0,CORRECT,0.0113,0.61
S18,32,30,57,34.9,78.0,100.0,100.0,CORRECT,0.0115,0.62
S18,33,31,57,37.04,67.0,75.0,100.0,CORRECT,0.0114,0.61
S18,34,32,57,21.09,70.3,50.0,100.0,CORRECT,0.0116,0.62
S18,35,33,57,41.52,71.4,75.0,100.0,CORRECT,0.0117,0.63
S18,36,34,57,23.76,73.6,75.0,100.0,CORRECT,0.0112,0.6
S18,37,35,57,36.46,72.5,75.0,100.0,CORRECT,0.0114,0.61
S18,38,36,57,22.35,61.5,50.0,100.0,CORRECT,0.0117,0.63
S18,39,37,57,11.04,68.1,75.0,50.0,CORRECT,0.0118,0.64
S18,40,38,57,14.36,61.5,75.0,100.0,CORRECT,0.0114,0.61
S18,41,39,57,26.16,68.1,75.0,100.0,CORRECT,0.0116,0.62
S18,42,40,57,28.7,60.4,100.0,100.0,CORRECT,0.0118,0.64
S18,43,41,57,33.45,68.1,75.0,100.0,CORRECT,0.0115,0.62
S18,44,42,57,4.73,54.9,75.0,50.0,CORRECT,0.0113,0.61
S18,45,43,57,48.57,63.7,75.0,100.0,CORRECT,0.0113,0.61
S18,46,44,57,22.01,62.6,75.0,100.0,CORRECT,0.0113,0.61
S18,47,45,57,-4.98,40.7,25.0,50.0,INCORRECT,0.0112,0.6
S18,48,46,57,45.32,80.2,100.0,100.0,CORRECT,0.0114,0.61
S18,49,47,57,64.08,90.1,100.0,100.0,CORRECT,0.0112,0.6
S18,50,48,57,19.72,63.7,75.0,100.0,CORRECT,0.0112,0.6
S18,51,49,57,9.27,53.8,50.0,50.0,CORRECT,0.0113,0.61
S18,52,50,57,3.2,48.4,50.0,100.0,INCORRECT,0.0114,0.61
S18,53,51,57,-5.24,44.0,25.0,0.0,INCORRECT,0.0115,0.62
S18,54,52,57,13.78,59.3,50.0,50.0,CORRECT,0.0116,0.62
S18,55,53,57,34.27,73.6,100.0,100.0,CORRECT,0.0112,0.6
S18,56,54,57,6.64,63.7,75.0,100.0,CORRECT,0.011,0.59
S18,57,55,57,35.64,76.9,75.0,100.0,CORRECT,0.011,0.59
S18,58,56,57,32.43,62.6,100.0,100.0,CORRECT,0.0119,0.64
S18,59,57,57,12.98,58.2,50.0,100.0,CORRECT,0.0112,0.6
